Connecting to host 172.16.80.200, port 5201
[  5] local 10.0.61.102 port 42056 connected to 172.16.80.200 port 5201
[  7] local 10.0.61.102 port 42060 connected to 172.16.80.200 port 5201
[  9] local 10.0.61.102 port 42072 connected to 172.16.80.200 port 5201
[ 11] local 10.0.61.102 port 42088 connected to 172.16.80.200 port 5201
[ ID] Interval           Transfer     Bitrate         Retr  Cwnd
[  5]   0.00-1.00   sec  3.50 MBytes  29.3 Mbits/sec    5   91.9 KBytes       
[  7]   0.00-1.00   sec  3.50 MBytes  29.3 Mbits/sec    5   93.3 KBytes       
[  9]   0.00-1.00   sec  3.12 MBytes  26.2 Mbits/sec    1   66.5 KBytes       
[ 11]   0.00-1.00   sec  3.12 MBytes  26.2 Mbits/sec    1   66.5 KBytes       
[SUM]   0.00-1.00   sec  13.2 MBytes   111 Mbits/sec   12             
- - - - - - - - - - - - - - - - - - - - - - - - -
[  5]   1.00-2.00   sec  2.75 MBytes  23.1 Mbits/sec    0    112 KBytes       
[  7]   1.00-2.00   sec  2.62 MBytes  22.0 Mbits/sec    0    112 KBytes       
[  9]   1.00-2.00   sec  3.00 MBytes  25.2 Mbits/sec    0   94.7 KBytes       
[ 11]   1.00-2.00   sec  3.00 MBytes  25.2 Mbits/sec    0   94.7 KBytes       
[SUM]   1.00-2.00   sec  11.4 MBytes  95.4 Mbits/sec    0             
- - - - - - - - - - - - - - - - - - - - - - - - -
[  5]   2.00-3.00   sec  2.75 MBytes  23.1 Mbits/sec    1   97.6 KBytes       
[  7]   2.00-3.00   sec  3.00 MBytes  25.2 Mbits/sec    1   97.6 KBytes       
[  9]   2.00-3.00   sec  2.88 MBytes  24.1 Mbits/sec    0    116 KBytes       
[ 11]   2.00-3.00   sec  3.00 MBytes  25.2 Mbits/sec    0    115 KBytes       
[SUM]   2.00-3.00   sec  11.6 MBytes  97.5 Mbits/sec    2             
- - - - - - - - - - - - - - - - - - - - - - - - -
[  5]   3.00-4.00   sec  3.00 MBytes  25.2 Mbits/sec    1   82.0 KBytes       
[  7]   3.00-4.00   sec  2.88 MBytes  24.1 Mbits/sec    1   82.0 KBytes       
[  9]   3.00-4.00   sec  2.75 MBytes  23.1 Mbits/sec    1    100 KBytes       
[ 11]   3.00-4.00   sec  2.75 MBytes  23.1 Mbits/sec    1    102 KBytes       
[SUM]   3.00-4.00   sec  11.4 MBytes  95.4 Mbits/sec    4             
- - - - - - - - - - - - - - - - - - - - - - - - -
[  5]   4.00-5.00   sec  2.75 MBytes  23.1 Mbits/sec    0    105 KBytes       
[  7]   4.00-5.00   sec  2.75 MBytes  23.1 Mbits/sec    0    105 KBytes       
[  9]   4.00-5.00   sec  2.75 MBytes  23.1 Mbits/sec    1   82.0 KBytes       
[ 11]   4.00-5.00   sec  2.88 MBytes  24.1 Mbits/sec    1   86.3 KBytes       
[SUM]   4.00-5.00   sec  11.1 MBytes  93.3 Mbits/sec    2             
- - - - - - - - - - - - - - - - - - - - - - - - -
[  5]   5.00-6.00   sec  2.88 MBytes  24.1 Mbits/sec    1   90.5 KBytes       
[  7]   5.00-6.00   sec  2.88 MBytes  24.1 Mbits/sec    1   90.5 KBytes       
[  9]   5.00-6.00   sec  2.75 MBytes  23.1 Mbits/sec    0    105 KBytes       
[ 11]   5.00-6.00   sec  2.88 MBytes  24.1 Mbits/sec    0    107 KBytes       
[SUM]   5.00-6.00   sec  11.4 MBytes  95.4 Mbits/sec    2             
- - - - - - - - - - - - - - - - - - - - - - - - -
[  5]   6.00-7.00   sec  2.75 MBytes  23.1 Mbits/sec    0    110 KBytes       
[  7]   6.00-7.00   sec  2.75 MBytes  23.1 Mbits/sec    0    110 KBytes       
[  9]   6.00-7.00   sec  2.88 MBytes  24.1 Mbits/sec    1   90.5 KBytes       
[ 11]   6.00-7.00   sec  2.88 MBytes  24.1 Mbits/sec    1   93.3 KBytes       
[SUM]   6.00-7.00   sec  11.2 MBytes  94.4 Mbits/sec    2             
- - - - - - - - - - - - - - - - - - - - - - - - -
[  5]   7.00-8.00   sec  2.88 MBytes  24.1 Mbits/sec   10   67.9 KBytes       
[  7]   7.00-8.00   sec  2.88 MBytes  24.1 Mbits/sec    5   69.3 KBytes       
[  9]   7.00-8.00   sec  2.75 MBytes  23.1 Mbits/sec   27   76.4 KBytes       
[ 11]   7.00-8.00   sec  2.50 MBytes  21.0 Mbits/sec   72   79.2 KBytes       
[SUM]   7.00-8.00   sec  11.0 MBytes  92.3 Mbits/sec  114             
- - - - - - - - - - - - - - - - - - - - - - - - -
[  5]   8.00-9.00   sec  3.00 MBytes  25.2 Mbits/sec    0   94.7 KBytes       
[  7]   8.00-9.00   sec  3.00 MBytes  25.2 Mbits/sec    0   94.7 KBytes       
[  9]   8.00-9.00   sec  2.75 MBytes  23.1 Mbits/sec    0    100 KBytes       
[ 11]   8.00-9.00   sec  3.00 MBytes  25.2 Mbits/sec    0    102 KBytes       
[SUM]   8.00-9.00   sec  11.8 MBytes  98.6 Mbits/sec    0             
- - - - - - - - - - - - - - - - - - - - - - - - -
[  5]   9.00-10.00  sec  2.75 MBytes  23.1 Mbits/sec    0    116 KBytes       
[  7]   9.00-10.00  sec  2.75 MBytes  23.1 Mbits/sec    0    116 KBytes       
[  9]   9.00-10.00  sec  2.88 MBytes  24.1 Mbits/sec    1   84.8 KBytes       
[ 11]   9.00-10.00  sec  2.62 MBytes  22.0 Mbits/sec    1   87.7 KBytes       
[SUM]   9.00-10.00  sec  11.0 MBytes  92.3 Mbits/sec    2             
- - - - - - - - - - - - - - - - - - - - - - - - -
[  5]  10.00-11.00  sec  2.75 MBytes  23.1 Mbits/sec    1    102 KBytes       
[  7]  10.00-11.00  sec  3.00 MBytes  25.2 Mbits/sec    1    102 KBytes       
[  9]  10.00-11.00  sec  2.75 MBytes  23.1 Mbits/sec    0    107 KBytes       
[ 11]  10.00-11.00  sec  3.00 MBytes  25.2 Mbits/sec    0    109 KBytes       
[SUM]  10.00-11.00  sec  11.5 MBytes  96.4 Mbits/sec    2             
- - - - - - - - - - - - - - - - - - - - - - - - -
[  5]  11.00-12.00  sec  7.50 MBytes  62.9 Mbits/sec   77    122 KBytes       
[  7]  11.00-12.00  sec  1.00 MBytes  8.39 Mbits/sec    1   1.41 KBytes       
[  9]  11.00-12.00  sec  1.00 MBytes  8.39 Mbits/sec    1   1.41 KBytes       
[ 11]  11.00-12.00  sec  1.00 MBytes  8.39 Mbits/sec    1   1.41 KBytes       
[SUM]  11.00-12.00  sec  10.5 MBytes  88.1 Mbits/sec   80             
- - - - - - - - - - - - - - - - - - - - - - - - -
[  5]  12.00-13.00  sec  11.4 MBytes  95.4 Mbits/sec    0    180 KBytes       
[  7]  12.00-13.00  sec  0.00 Bytes  0.00 bits/sec    1   1.41 KBytes       
[  9]  12.00-13.00  sec  0.00 Bytes  0.00 bits/sec    1   1.41 KBytes       
[ 11]  12.00-13.00  sec  0.00 Bytes  0.00 bits/sec    1   1.41 KBytes       
[SUM]  12.00-13.00  sec  11.4 MBytes  95.4 Mbits/sec    3             
- - - - - - - - - - - - - - - - - - - - - - - - -
[  5]  13.00-14.00  sec  11.6 MBytes  97.6 Mbits/sec    0    223 KBytes       
[  7]  13.00-14.00  sec  0.00 Bytes  0.00 bits/sec    1   1.41 KBytes       
[  9]  13.00-14.00  sec  0.00 Bytes  0.00 bits/sec    1   1.41 KBytes       
[ 11]  13.00-14.00  sec  0.00 Bytes  0.00 bits/sec    1   1.41 KBytes       
[SUM]  13.00-14.00  sec  11.6 MBytes  97.6 Mbits/sec    3             
- - - - - - - - - - - - - - - - - - - - - - - - -
[  5]  14.00-15.00  sec  11.5 MBytes  96.5 Mbits/sec    0    260 KBytes       
[  7]  14.00-15.00  sec  0.00 Bytes  0.00 bits/sec    0   1.41 KBytes       
[  9]  14.00-15.00  sec  0.00 Bytes  0.00 bits/sec    0   1.41 KBytes       
[ 11]  14.00-15.00  sec  0.00 Bytes  0.00 bits/sec    0   1.41 KBytes       
[SUM]  14.00-15.00  sec  11.5 MBytes  96.5 Mbits/sec    0             
- - - - - - - - - - - - - - - - - - - - - - - - -
[  5]  15.00-16.00  sec  11.9 MBytes  99.5 Mbits/sec    0    291 KBytes       
[  7]  15.00-16.00  sec  0.00 Bytes  0.00 bits/sec    1   1.41 KBytes       
[  9]  15.00-16.00  sec  0.00 Bytes  0.00 bits/sec    1   1.41 KBytes       
[ 11]  15.00-16.00  sec  0.00 Bytes  0.00 bits/sec    1   1.41 KBytes       
[SUM]  15.00-16.00  sec  11.9 MBytes  99.5 Mbits/sec    3             
- - - - - - - - - - - - - - - - - - - - - - - - -
[  5]  16.00-17.00  sec  11.2 MBytes  94.4 Mbits/sec    0    321 KBytes       
[  7]  16.00-17.00  sec  0.00 Bytes  0.00 bits/sec    0   1.41 KBytes       
[  9]  16.00-17.00  sec  0.00 Bytes  0.00 bits/sec    0   1.41 KBytes       
[ 11]  16.00-17.00  sec  0.00 Bytes  0.00 bits/sec    0   1.41 KBytes       
[SUM]  16.00-17.00  sec  11.2 MBytes  94.4 Mbits/sec    0             
- - - - - - - - - - - - - - - - - - - - - - - - -
[  5]  17.00-18.00  sec  11.5 MBytes  96.5 Mbits/sec    0    348 KBytes       
[  7]  17.00-18.00  sec  0.00 Bytes  0.00 bits/sec    0   1.41 KBytes       
[  9]  17.00-18.00  sec  0.00 Bytes  0.00 bits/sec    0   1.41 KBytes       
[ 11]  17.00-18.00  sec  0.00 Bytes  0.00 bits/sec    0   1.41 KBytes       
[SUM]  17.00-18.00  sec  11.5 MBytes  96.5 Mbits/sec    0             
- - - - - - - - - - - - - - - - - - - - - - - - -
[  5]  18.00-19.00  sec  11.6 MBytes  97.5 Mbits/sec    0    372 KBytes       
[  7]  18.00-19.00  sec  0.00 Bytes  0.00 bits/sec    1   1.41 KBytes       
[  9]  18.00-19.00  sec  0.00 Bytes  0.00 bits/sec    1   1.41 KBytes       
[ 11]  18.00-19.00  sec  0.00 Bytes  0.00 bits/sec    1   1.41 KBytes       
[SUM]  18.00-19.00  sec  11.6 MBytes  97.5 Mbits/sec    3             
- - - - - - - - - - - - - - - - - - - - - - - - -
[  5]  19.00-20.00  sec  11.5 MBytes  96.5 Mbits/sec    0    395 KBytes       
[  7]  19.00-20.00  sec  0.00 Bytes  0.00 bits/sec    0   1.41 KBytes       
[  9]  19.00-20.00  sec  0.00 Bytes  0.00 bits/sec    0   1.41 KBytes       
[ 11]  19.00-20.00  sec  0.00 Bytes  0.00 bits/sec    0   1.41 KBytes       
[SUM]  19.00-20.00  sec  11.5 MBytes  96.5 Mbits/sec    0             
- - - - - - - - - - - - - - - - - - - - - - - - -
[  5]  20.00-21.00  sec  11.4 MBytes  95.5 Mbits/sec    0    416 KBytes       
[  7]  20.00-21.00  sec  0.00 Bytes  0.00 bits/sec    0   1.41 KBytes       
[  9]  20.00-21.00  sec  0.00 Bytes  0.00 bits/sec    0   1.41 KBytes       
[ 11]  20.00-21.00  sec  0.00 Bytes  0.00 bits/sec    0   1.41 KBytes       
[SUM]  20.00-21.00  sec  11.4 MBytes  95.5 Mbits/sec    0             
- - - - - - - - - - - - - - - - - - - - - - - - -
[  5]  21.00-22.00  sec  11.2 MBytes  94.3 Mbits/sec    0    437 KBytes       
[  7]  21.00-22.00  sec  0.00 Bytes  0.00 bits/sec    0   1.41 KBytes       
[  9]  21.00-22.00  sec  0.00 Bytes  0.00 bits/sec    0   1.41 KBytes       
[ 11]  21.00-22.00  sec  0.00 Bytes  0.00 bits/sec    0   1.41 KBytes       
[SUM]  21.00-22.00  sec  11.2 MBytes  94.3 Mbits/sec    0             
- - - - - - - - - - - - - - - - - - - - - - - - -
[  5]  22.00-23.00  sec  11.5 MBytes  96.5 Mbits/sec    0    457 KBytes       
[  7]  22.00-23.00  sec  0.00 Bytes  0.00 bits/sec    0   1.41 KBytes       
[  9]  22.00-23.00  sec  0.00 Bytes  0.00 bits/sec    0   1.41 KBytes       
[ 11]  22.00-23.00  sec  0.00 Bytes  0.00 bits/sec    0   1.41 KBytes       
[SUM]  22.00-23.00  sec  11.5 MBytes  96.5 Mbits/sec    0             
- - - - - - - - - - - - - - - - - - - - - - - - -
[  5]  23.00-24.00  sec  11.2 MBytes  94.4 Mbits/sec    4    365 KBytes       
[  7]  23.00-24.00  sec  0.00 Bytes  0.00 bits/sec    0   1.41 KBytes       
[  9]  23.00-24.00  sec  0.00 Bytes  0.00 bits/sec    0   1.41 KBytes       
[ 11]  23.00-24.00  sec  0.00 Bytes  0.00 bits/sec    0   1.41 KBytes       
[SUM]  23.00-24.00  sec  11.2 MBytes  94.4 Mbits/sec    4             
- - - - - - - - - - - - - - - - - - - - - - - - -
[  5]  24.00-25.00  sec  12.1 MBytes   102 Mbits/sec    0    411 KBytes       
[  7]  24.00-25.00  sec  0.00 Bytes  0.00 bits/sec    0   1.41 KBytes       
[  9]  24.00-25.00  sec  0.00 Bytes  0.00 bits/sec    0   1.41 KBytes       
[ 11]  24.00-25.00  sec  0.00 Bytes  0.00 bits/sec    0   1.41 KBytes       
[SUM]  24.00-25.00  sec  12.1 MBytes   102 Mbits/sec    0             
- - - - - - - - - - - - - - - - - - - - - - - - -
[  5]  25.00-26.00  sec  11.2 MBytes  94.4 Mbits/sec    0    443 KBytes       
[  7]  25.00-26.00  sec  0.00 Bytes  0.00 bits/sec    0   1.41 KBytes       
[  9]  25.00-26.00  sec  0.00 Bytes  0.00 bits/sec    0   1.41 KBytes       
[ 11]  25.00-26.00  sec  0.00 Bytes  0.00 bits/sec    0   1.41 KBytes       
[SUM]  25.00-26.00  sec  11.2 MBytes  94.4 Mbits/sec    0             
- - - - - - - - - - - - - - - - - - - - - - - - -
[  5]  26.00-27.00  sec  11.1 MBytes  93.3 Mbits/sec    0    460 KBytes       
[  7]  26.00-27.00  sec  0.00 Bytes  0.00 bits/sec    1   1.41 KBytes       
[  9]  26.00-27.00  sec  0.00 Bytes  0.00 bits/sec    1   1.41 KBytes       
[ 11]  26.00-27.00  sec  0.00 Bytes  0.00 bits/sec    1   1.41 KBytes       
[SUM]  26.00-27.00  sec  11.1 MBytes  93.3 Mbits/sec    3             
- - - - - - - - - - - - - - - - - - - - - - - - -
[  5]  27.00-28.00  sec  11.6 MBytes  97.5 Mbits/sec    1    341 KBytes       
[  7]  27.00-28.00  sec  0.00 Bytes  0.00 bits/sec    0   1.41 KBytes       
[  9]  27.00-28.00  sec  0.00 Bytes  0.00 bits/sec    0   1.41 KBytes       
[ 11]  27.00-28.00  sec  0.00 Bytes  0.00 bits/sec    0   1.41 KBytes       
[SUM]  27.00-28.00  sec  11.6 MBytes  97.5 Mbits/sec    1             
- - - - - - - - - - - - - - - - - - - - - - - - -
[  5]  28.00-29.00  sec  11.1 MBytes  93.3 Mbits/sec    0    369 KBytes       
[  7]  28.00-29.00  sec  0.00 Bytes  0.00 bits/sec    0   1.41 KBytes       
[  9]  28.00-29.00  sec  0.00 Bytes  0.00 bits/sec    0   1.41 KBytes       
[ 11]  28.00-29.00  sec  0.00 Bytes  0.00 bits/sec    0   1.41 KBytes       
[SUM]  28.00-29.00  sec  11.1 MBytes  93.3 Mbits/sec    0             
- - - - - - - - - - - - - - - - - - - - - - - - -
[  5]  29.00-30.00  sec  11.2 MBytes  94.5 Mbits/sec    0    386 KBytes       
[  7]  29.00-30.00  sec  0.00 Bytes  0.00 bits/sec    0   1.41 KBytes       
[  9]  29.00-30.00  sec  0.00 Bytes  0.00 bits/sec    0   1.41 KBytes       
[ 11]  29.00-30.00  sec  0.00 Bytes  0.00 bits/sec    0   1.41 KBytes       
[SUM]  29.00-30.00  sec  11.2 MBytes  94.5 Mbits/sec    0             
- - - - - - - - - - - - - - - - - - - - - - - - -
[  5]  30.00-31.00  sec  11.1 MBytes  93.2 Mbits/sec    0    404 KBytes       
[  7]  30.00-31.00  sec  0.00 Bytes  0.00 bits/sec    0   1.41 KBytes       
[  9]  30.00-31.00  sec  0.00 Bytes  0.00 bits/sec    0   1.41 KBytes       
[ 11]  30.00-31.00  sec  0.00 Bytes  0.00 bits/sec    0   1.41 KBytes       
[SUM]  30.00-31.00  sec  11.1 MBytes  93.2 Mbits/sec    0             
- - - - - - - - - - - - - - - - - - - - - - - - -
[  5]  31.00-32.00  sec  12.1 MBytes   102 Mbits/sec    0    426 KBytes       
[  7]  31.00-32.00  sec  0.00 Bytes  0.00 bits/sec    0   1.41 KBytes       
[  9]  31.00-32.00  sec  0.00 Bytes  0.00 bits/sec    0   1.41 KBytes       
[ 11]  31.00-32.00  sec  0.00 Bytes  0.00 bits/sec    0   1.41 KBytes       
[SUM]  31.00-32.00  sec  12.1 MBytes   102 Mbits/sec    0             
- - - - - - - - - - - - - - - - - - - - - - - - -
[  5]  32.00-33.00  sec  11.2 MBytes  94.4 Mbits/sec    0    447 KBytes       
[  7]  32.00-33.00  sec  0.00 Bytes  0.00 bits/sec    0   1.41 KBytes       
[  9]  32.00-33.00  sec  0.00 Bytes  0.00 bits/sec    0   1.41 KBytes       
[ 11]  32.00-33.00  sec  0.00 Bytes  0.00 bits/sec    0   1.41 KBytes       
[SUM]  32.00-33.00  sec  11.2 MBytes  94.4 Mbits/sec    0             
- - - - - - - - - - - - - - - - - - - - - - - - -
[  5]  33.00-34.00  sec  11.1 MBytes  93.3 Mbits/sec    0    465 KBytes       
[  7]  33.00-34.00  sec  0.00 Bytes  0.00 bits/sec    0   1.41 KBytes       
[  9]  33.00-34.00  sec  0.00 Bytes  0.00 bits/sec    0   1.41 KBytes       
[ 11]  33.00-34.00  sec  0.00 Bytes  0.00 bits/sec    0   1.41 KBytes       
[SUM]  33.00-34.00  sec  11.1 MBytes  93.3 Mbits/sec    0             
- - - - - - - - - - - - - - - - - - - - - - - - -
[  5]  34.00-35.00  sec  11.2 MBytes  94.4 Mbits/sec    1    378 KBytes       
[  7]  34.00-35.00  sec  0.00 Bytes  0.00 bits/sec    0   1.41 KBytes       
[  9]  34.00-35.00  sec  0.00 Bytes  0.00 bits/sec    0   1.41 KBytes       
[ 11]  34.00-35.00  sec  0.00 Bytes  0.00 bits/sec    0   1.41 KBytes       
[SUM]  34.00-35.00  sec  11.2 MBytes  94.4 Mbits/sec    1             
- - - - - - - - - - - - - - - - - - - - - - - - -
[  5]  35.00-36.00  sec  11.1 MBytes  93.3 Mbits/sec    0    420 KBytes       
[  7]  35.00-36.00  sec  0.00 Bytes  0.00 bits/sec    0   1.41 KBytes       
[  9]  35.00-36.00  sec  0.00 Bytes  0.00 bits/sec    0   1.41 KBytes       
[ 11]  35.00-36.00  sec  0.00 Bytes  0.00 bits/sec    0   1.41 KBytes       
[SUM]  35.00-36.00  sec  11.1 MBytes  93.3 Mbits/sec    0             
- - - - - - - - - - - - - - - - - - - - - - - - -
[  5]  36.00-37.00  sec  11.2 MBytes  94.4 Mbits/sec    0    445 KBytes       
[  7]  36.00-37.00  sec  0.00 Bytes  0.00 bits/sec    0   1.41 KBytes       
[  9]  36.00-37.00  sec  0.00 Bytes  0.00 bits/sec    0   1.41 KBytes       
[ 11]  36.00-37.00  sec  0.00 Bytes  0.00 bits/sec    0   1.41 KBytes       
[SUM]  36.00-37.00  sec  11.2 MBytes  94.4 Mbits/sec    0             
- - - - - - - - - - - - - - - - - - - - - - - - -
[  5]  37.00-38.00  sec  12.1 MBytes   102 Mbits/sec    0    460 KBytes       
[  7]  37.00-38.00  sec  0.00 Bytes  0.00 bits/sec    0   1.41 KBytes       
[  9]  37.00-38.00  sec  0.00 Bytes  0.00 bits/sec    0   1.41 KBytes       
[ 11]  37.00-38.00  sec  0.00 Bytes  0.00 bits/sec    0   1.41 KBytes       
[SUM]  37.00-38.00  sec  12.1 MBytes   102 Mbits/sec    0             
- - - - - - - - - - - - - - - - - - - - - - - - -
[  5]  38.00-39.00  sec  4.62 MBytes  38.8 Mbits/sec    1   1.41 KBytes       
[  7]  38.00-39.00  sec  0.00 Bytes  0.00 bits/sec    0   1.41 KBytes       
[  9]  38.00-39.00  sec  0.00 Bytes  0.00 bits/sec    0   1.41 KBytes       
[ 11]  38.00-39.00  sec  0.00 Bytes  0.00 bits/sec    0   1.41 KBytes       
[SUM]  38.00-39.00  sec  4.62 MBytes  38.8 Mbits/sec    1             
- - - - - - - - - - - - - - - - - - - - - - - - -
[  5]  39.00-40.00  sec  0.00 Bytes  0.00 bits/sec    1   1.41 KBytes       
[  7]  39.00-40.00  sec  0.00 Bytes  0.00 bits/sec    0   1.41 KBytes       
[  9]  39.00-40.00  sec  0.00 Bytes  0.00 bits/sec    0   1.41 KBytes       
[ 11]  39.00-40.00  sec  0.00 Bytes  0.00 bits/sec    0   1.41 KBytes       
[SUM]  39.00-40.00  sec  0.00 Bytes  0.00 bits/sec    1             
- - - - - - - - - - - - - - - - - - - - - - - - -
[  5]  40.00-41.00  sec  0.00 Bytes  0.00 bits/sec    1   1.41 KBytes       
[  7]  40.00-41.00  sec  0.00 Bytes  0.00 bits/sec    0   1.41 KBytes       
[  9]  40.00-41.00  sec  0.00 Bytes  0.00 bits/sec    0   1.41 KBytes       
[ 11]  40.00-41.00  sec  0.00 Bytes  0.00 bits/sec    0   1.41 KBytes       
[SUM]  40.00-41.00  sec  0.00 Bytes  0.00 bits/sec    1             
- - - - - - - - - - - - - - - - - - - - - - - - -
[  5]  41.00-42.00  sec  0.00 Bytes  0.00 bits/sec    0   1.41 KBytes       
[  7]  41.00-42.00  sec  0.00 Bytes  0.00 bits/sec    0   1.41 KBytes       
[  9]  41.00-42.00  sec  0.00 Bytes  0.00 bits/sec    0   1.41 KBytes       
[ 11]  41.00-42.00  sec  0.00 Bytes  0.00 bits/sec    0   1.41 KBytes       
[SUM]  41.00-42.00  sec  0.00 Bytes  0.00 bits/sec    0             
- - - - - - - - - - - - - - - - - - - - - - - - -
[  5]  42.00-43.00  sec  0.00 Bytes  0.00 bits/sec    1   1.41 KBytes       
[  7]  42.00-43.00  sec  1.88 MBytes  15.7 Mbits/sec   79    160 KBytes       
[  9]  42.00-43.00  sec  1.88 MBytes  15.7 Mbits/sec   82    161 KBytes       
[ 11]  42.00-43.00  sec  2.00 MBytes  16.8 Mbits/sec   84    160 KBytes       
[SUM]  42.00-43.00  sec  5.75 MBytes  48.2 Mbits/sec  246             
- - - - - - - - - - - - - - - - - - - - - - - - -
[  5]  43.00-44.00  sec  0.00 Bytes  0.00 bits/sec    0   1.41 KBytes       
[  7]  43.00-44.00  sec  3.75 MBytes  31.5 Mbits/sec    6    139 KBytes       
[  9]  43.00-44.00  sec  4.12 MBytes  34.6 Mbits/sec    6    139 KBytes       
[ 11]  43.00-44.00  sec  3.75 MBytes  31.5 Mbits/sec    5    139 KBytes       
[SUM]  43.00-44.00  sec  11.6 MBytes  97.6 Mbits/sec   17             
- - - - - - - - - - - - - - - - - - - - - - - - -
[  5]  44.00-45.00  sec  0.00 Bytes  0.00 bits/sec    0   1.41 KBytes       
[  7]  44.00-45.00  sec  3.75 MBytes  31.4 Mbits/sec    0    154 KBytes       
[  9]  44.00-45.00  sec  3.75 MBytes  31.4 Mbits/sec    0    154 KBytes       
[ 11]  44.00-45.00  sec  3.62 MBytes  30.4 Mbits/sec    0    154 KBytes       
[SUM]  44.00-45.00  sec  11.1 MBytes  93.3 Mbits/sec    0             
- - - - - - - - - - - - - - - - - - - - - - - - -
[  5]  45.00-46.00  sec  0.00 Bytes  0.00 bits/sec    0   1.41 KBytes       
[  7]  45.00-46.00  sec  3.75 MBytes  31.5 Mbits/sec    1    129 KBytes       
[  9]  45.00-46.00  sec  3.75 MBytes  31.5 Mbits/sec    1    129 KBytes       
[ 11]  45.00-46.00  sec  3.88 MBytes  32.5 Mbits/sec    1    129 KBytes       
[SUM]  45.00-46.00  sec  11.4 MBytes  95.4 Mbits/sec    3             
- - - - - - - - - - - - - - - - - - - - - - - - -
[  5]  46.00-47.00  sec  0.00 Bytes  0.00 bits/sec    1   1.41 KBytes       
[  7]  46.00-47.00  sec  3.62 MBytes  30.4 Mbits/sec    0    150 KBytes       
[  9]  46.00-47.00  sec  3.62 MBytes  30.4 Mbits/sec    0    150 KBytes       
[ 11]  46.00-47.00  sec  3.62 MBytes  30.4 Mbits/sec    0    150 KBytes       
[SUM]  46.00-47.00  sec  10.9 MBytes  91.3 Mbits/sec    1             
- - - - - - - - - - - - - - - - - - - - - - - - -
[  5]  47.00-48.00  sec  0.00 Bytes  0.00 bits/sec    0   1.41 KBytes       
[  7]  47.00-48.00  sec  4.12 MBytes  34.6 Mbits/sec    1    129 KBytes       
[  9]  47.00-48.00  sec  3.75 MBytes  31.4 Mbits/sec    1    127 KBytes       
[ 11]  47.00-48.00  sec  3.88 MBytes  32.5 Mbits/sec    1    127 KBytes       
[SUM]  47.00-48.00  sec  11.8 MBytes  98.5 Mbits/sec    3             
- - - - - - - - - - - - - - - - - - - - - - - - -
[  5]  48.00-49.00  sec  0.00 Bytes  0.00 bits/sec    0   1.41 KBytes       
[  7]  48.00-49.00  sec  3.75 MBytes  31.5 Mbits/sec    0    146 KBytes       
[  9]  48.00-49.00  sec  3.75 MBytes  31.5 Mbits/sec    0    146 KBytes       
[ 11]  48.00-49.00  sec  4.12 MBytes  34.6 Mbits/sec    0    146 KBytes       
[SUM]  48.00-49.00  sec  11.6 MBytes  97.5 Mbits/sec    0             
- - - - - - - - - - - - - - - - - - - - - - - - -
[  5]  49.00-50.00  sec  0.00 Bytes  0.00 bits/sec    0   1.41 KBytes       
[  7]  49.00-50.00  sec  3.75 MBytes  31.4 Mbits/sec    1    123 KBytes       
[  9]  49.00-50.00  sec  4.12 MBytes  34.6 Mbits/sec    1    123 KBytes       
[ 11]  49.00-50.00  sec  3.62 MBytes  30.4 Mbits/sec    1    123 KBytes       
[SUM]  49.00-50.00  sec  11.5 MBytes  96.4 Mbits/sec    3             
- - - - - - - - - - - - - - - - - - - - - - - - -
[  5]  50.00-51.00  sec  0.00 Bytes  0.00 bits/sec    0   1.41 KBytes       
[  7]  50.00-51.00  sec  3.75 MBytes  31.5 Mbits/sec    0    143 KBytes       
[  9]  50.00-51.00  sec  3.75 MBytes  31.5 Mbits/sec    0    143 KBytes       
[ 11]  50.00-51.00  sec  3.75 MBytes  31.5 Mbits/sec    0    143 KBytes       
[SUM]  50.00-51.00  sec  11.2 MBytes  94.4 Mbits/sec    0             
- - - - - - - - - - - - - - - - - - - - - - - - -
[  5]  51.00-52.00  sec  0.00 Bytes  0.00 bits/sec    0   1.41 KBytes       
[  7]  51.00-52.00  sec  3.00 MBytes  25.2 Mbits/sec    1    109 KBytes       
[  9]  51.00-52.00  sec  2.62 MBytes  22.0 Mbits/sec    1    117 KBytes       
[ 11]  51.00-52.00  sec  3.00 MBytes  25.2 Mbits/sec    1    109 KBytes       
[SUM]  51.00-52.00  sec  8.62 MBytes  72.4 Mbits/sec    3             
- - - - - - - - - - - - - - - - - - - - - - - - -
[  5]  52.00-53.00  sec  0.00 Bytes  0.00 bits/sec    0   1.41 KBytes       
[  7]  52.00-53.00  sec  4.38 MBytes  36.7 Mbits/sec    2    113 KBytes       
[  9]  52.00-53.00  sec  2.25 MBytes  18.9 Mbits/sec    4    126 KBytes       
[ 11]  52.00-53.00  sec  4.12 MBytes  34.6 Mbits/sec    4    112 KBytes       
[SUM]  52.00-53.00  sec  10.8 MBytes  90.2 Mbits/sec   10             
- - - - - - - - - - - - - - - - - - - - - - - - -
[  5]  53.00-54.00  sec  0.00 Bytes  0.00 bits/sec    0   1.41 KBytes       
[  7]  53.00-54.00  sec  3.75 MBytes  31.5 Mbits/sec    0    136 KBytes       
[  9]  53.00-54.00  sec  3.75 MBytes  31.5 Mbits/sec    0    147 KBytes       
[ 11]  53.00-54.00  sec  3.75 MBytes  31.5 Mbits/sec    0    136 KBytes       
[SUM]  53.00-54.00  sec  11.2 MBytes  94.4 Mbits/sec    0             
- - - - - - - - - - - - - - - - - - - - - - - - -
[  5]  54.00-55.00  sec  2.88 MBytes  24.1 Mbits/sec  445   93.3 KBytes       
[  7]  54.00-55.00  sec  3.00 MBytes  25.2 Mbits/sec   16    117 KBytes       
[  9]  54.00-55.00  sec  3.00 MBytes  25.2 Mbits/sec   24   82.0 KBytes       
[ 11]  54.00-55.00  sec  3.00 MBytes  25.2 Mbits/sec   15    116 KBytes       
[SUM]  54.00-55.00  sec  11.9 MBytes  99.6 Mbits/sec  500             
- - - - - - - - - - - - - - - - - - - - - - - - -
[  5]  55.00-56.00  sec  2.75 MBytes  23.1 Mbits/sec    0    115 KBytes       
[  7]  55.00-56.00  sec  2.62 MBytes  22.0 Mbits/sec    1    103 KBytes       
[  9]  55.00-56.00  sec  2.62 MBytes  22.0 Mbits/sec    0    105 KBytes       
[ 11]  55.00-56.00  sec  3.00 MBytes  25.2 Mbits/sec    1    102 KBytes       
[SUM]  55.00-56.00  sec  11.0 MBytes  92.2 Mbits/sec    2             
- - - - - - - - - - - - - - - - - - - - - - - - -
[  5]  56.00-57.00  sec  2.88 MBytes  24.1 Mbits/sec    1    100 KBytes       
[  7]  56.00-57.00  sec  3.00 MBytes  25.2 Mbits/sec    1   87.7 KBytes       
[  9]  56.00-57.00  sec  3.00 MBytes  25.2 Mbits/sec    1   90.5 KBytes       
[ 11]  56.00-57.00  sec  2.62 MBytes  22.0 Mbits/sec    1   87.7 KBytes       
[SUM]  56.00-57.00  sec  11.5 MBytes  96.5 Mbits/sec    4             
- - - - - - - - - - - - - - - - - - - - - - - - -
[  5]  57.00-58.00  sec  2.75 MBytes  23.1 Mbits/sec    1   84.8 KBytes       
[  7]  57.00-58.00  sec  3.00 MBytes  25.2 Mbits/sec    0    109 KBytes       
[  9]  57.00-58.00  sec  2.62 MBytes  22.0 Mbits/sec    0    110 KBytes       
[ 11]  57.00-58.00  sec  3.00 MBytes  25.2 Mbits/sec    0    107 KBytes       
[SUM]  57.00-58.00  sec  11.4 MBytes  95.5 Mbits/sec    1             
- - - - - - - - - - - - - - - - - - - - - - - - -
[  5]  58.00-59.00  sec  2.88 MBytes  24.1 Mbits/sec    0    107 KBytes       
[  7]  58.00-59.00  sec  2.62 MBytes  22.0 Mbits/sec    1   94.7 KBytes       
[  9]  58.00-59.00  sec  3.00 MBytes  25.1 Mbits/sec    1   96.2 KBytes       
[ 11]  58.00-59.00  sec  2.62 MBytes  22.0 Mbits/sec    1   93.3 KBytes       
[SUM]  58.00-59.00  sec  11.1 MBytes  93.2 Mbits/sec    3             
- - - - - - - - - - - - - - - - - - - - - - - - -
[  5]  59.00-60.00  sec  2.75 MBytes  23.1 Mbits/sec    1   91.9 KBytes       
[  7]  59.00-60.00  sec  2.88 MBytes  24.1 Mbits/sec    0    116 KBytes       
[  9]  59.00-60.00  sec  3.00 MBytes  25.2 Mbits/sec    0    116 KBytes       
[ 11]  59.00-60.00  sec  2.88 MBytes  24.1 Mbits/sec    0    115 KBytes       
[SUM]  59.00-60.00  sec  11.5 MBytes  96.5 Mbits/sec    1             
- - - - - - - - - - - - - - - - - - - - - - - - -
[  5]  60.00-61.00  sec  2.75 MBytes  23.1 Mbits/sec    0    113 KBytes       
[  7]  60.00-61.00  sec  2.62 MBytes  22.0 Mbits/sec    1    100 KBytes       
[  9]  60.00-61.00  sec  2.50 MBytes  21.0 Mbits/sec    1    102 KBytes       
[ 11]  60.00-61.00  sec  3.00 MBytes  25.2 Mbits/sec    1   99.0 KBytes       
[SUM]  60.00-61.00  sec  10.9 MBytes  91.2 Mbits/sec    3             
- - - - - - - - - - - - - - - - - - - - - - - - -
[  5]  61.00-62.00  sec  2.88 MBytes  24.1 Mbits/sec    1   97.6 KBytes       
[  7]  61.00-62.00  sec  3.00 MBytes  25.2 Mbits/sec    1   84.8 KBytes       
[  9]  61.00-62.00  sec  3.00 MBytes  25.2 Mbits/sec    1   87.7 KBytes       
[ 11]  61.00-62.00  sec  2.62 MBytes  22.0 Mbits/sec    1   83.4 KBytes       
[SUM]  61.00-62.00  sec  11.5 MBytes  96.6 Mbits/sec    4             
- - - - - - - - - - - - - - - - - - - - - - - - -
[  5]  62.00-63.00  sec  2.75 MBytes  23.0 Mbits/sec    1   82.0 KBytes       
[  7]  62.00-63.00  sec  3.00 MBytes  25.1 Mbits/sec    0    107 KBytes       
[  9]  62.00-63.00  sec  2.62 MBytes  22.0 Mbits/sec    0    109 KBytes       
[ 11]  62.00-63.00  sec  3.00 MBytes  25.1 Mbits/sec    0    105 KBytes       
[SUM]  62.00-63.00  sec  11.4 MBytes  95.3 Mbits/sec    1             
- - - - - - - - - - - - - - - - - - - - - - - - -
[  5]  63.00-64.00  sec  2.75 MBytes  23.1 Mbits/sec    0    105 KBytes       
[  7]  63.00-64.00  sec  2.62 MBytes  22.0 Mbits/sec    1   91.9 KBytes       
[  9]  63.00-64.00  sec  3.00 MBytes  25.2 Mbits/sec    1   93.3 KBytes       
[ 11]  63.00-64.00  sec  3.00 MBytes  25.2 Mbits/sec    1   90.5 KBytes       
[SUM]  63.00-64.00  sec  11.4 MBytes  95.4 Mbits/sec    3             
- - - - - - - - - - - - - - - - - - - - - - - - -
[  5]  64.00-65.00  sec  2.88 MBytes  24.1 Mbits/sec    1   89.1 KBytes       
[  7]  64.00-65.00  sec  3.00 MBytes  25.2 Mbits/sec    0    113 KBytes       
[  9]  64.00-65.00  sec  3.00 MBytes  25.2 Mbits/sec    0    115 KBytes       
[ 11]  64.00-65.00  sec  2.62 MBytes  22.0 Mbits/sec    0    112 KBytes       
[SUM]  64.00-65.00  sec  11.5 MBytes  96.5 Mbits/sec    1             
- - - - - - - - - - - - - - - - - - - - - - - - -
[  5]  65.00-66.00  sec  2.75 MBytes  23.1 Mbits/sec    0    110 KBytes       
[  7]  65.00-66.00  sec  3.00 MBytes  25.2 Mbits/sec    1   99.0 KBytes       
[  9]  65.00-66.00  sec  2.62 MBytes  22.0 Mbits/sec    1    100 KBytes       
[ 11]  65.00-66.00  sec  3.00 MBytes  25.2 Mbits/sec    1   97.6 KBytes       
[SUM]  65.00-66.00  sec  11.4 MBytes  95.4 Mbits/sec    3             
- - - - - - - - - - - - - - - - - - - - - - - - -
[  5]  66.00-67.00  sec  2.88 MBytes  24.1 Mbits/sec    1   96.2 KBytes       
[  7]  66.00-67.00  sec  2.50 MBytes  21.0 Mbits/sec    1   82.0 KBytes       
[  9]  66.00-67.00  sec  3.00 MBytes  25.2 Mbits/sec    1   84.8 KBytes       
[ 11]  66.00-67.00  sec  2.62 MBytes  22.0 Mbits/sec    0    117 KBytes       
[SUM]  66.00-67.00  sec  11.0 MBytes  92.3 Mbits/sec    3             
- - - - - - - - - - - - - - - - - - - - - - - - -
[  5]  67.00-68.00  sec  2.75 MBytes  23.1 Mbits/sec    0    116 KBytes       
[  7]  67.00-68.00  sec  3.00 MBytes  25.2 Mbits/sec    0    105 KBytes       
[  9]  67.00-68.00  sec  2.88 MBytes  24.1 Mbits/sec    0    106 KBytes       
[ 11]  67.00-68.00  sec  2.88 MBytes  24.1 Mbits/sec    1    103 KBytes       
[SUM]  67.00-68.00  sec  11.5 MBytes  96.4 Mbits/sec    1             
- - - - - - - - - - - - - - - - - - - - - - - - -
[  5]  68.00-69.00  sec  2.75 MBytes  23.1 Mbits/sec    1    102 KBytes       
[  7]  68.00-69.00  sec  2.62 MBytes  22.0 Mbits/sec    1   90.5 KBytes       
[  9]  68.00-69.00  sec  2.62 MBytes  22.0 Mbits/sec    1   91.9 KBytes       
[ 11]  68.00-69.00  sec  3.00 MBytes  25.2 Mbits/sec    1   87.7 KBytes       
[SUM]  68.00-69.00  sec  11.0 MBytes  92.3 Mbits/sec    4             
- - - - - - - - - - - - - - - - - - - - - - - - -
[  5]  69.00-70.00  sec  2.88 MBytes  24.1 Mbits/sec    1   87.7 KBytes       
[  7]  69.00-70.00  sec  3.00 MBytes  25.2 Mbits/sec    0    110 KBytes       
[  9]  69.00-70.00  sec  3.00 MBytes  25.2 Mbits/sec    0    112 KBytes       
[ 11]  69.00-70.00  sec  2.62 MBytes  22.0 Mbits/sec    0    109 KBytes       
[SUM]  69.00-70.00  sec  11.5 MBytes  96.4 Mbits/sec    1             
- - - - - - - - - - - - - - - - - - - - - - - - -
[  5]  70.00-71.00  sec  2.75 MBytes  23.1 Mbits/sec    0    109 KBytes       
[  7]  70.00-71.00  sec  3.00 MBytes  25.2 Mbits/sec    1   96.2 KBytes       
[  9]  70.00-71.00  sec  2.62 MBytes  22.0 Mbits/sec    1   97.6 KBytes       
[ 11]  70.00-71.00  sec  3.00 MBytes  25.2 Mbits/sec    1   94.7 KBytes       
[SUM]  70.00-71.00  sec  11.4 MBytes  95.4 Mbits/sec    3             
- - - - - - - - - - - - - - - - - - - - - - - - -
[  5]  71.00-72.00  sec  3.75 MBytes  31.5 Mbits/sec    1   93.3 KBytes       
[  7]  71.00-72.00  sec  2.62 MBytes  22.0 Mbits/sec    0    116 KBytes       
[  9]  71.00-72.00  sec  3.00 MBytes  25.2 Mbits/sec    1    103 KBytes       
[ 11]  71.00-72.00  sec  3.00 MBytes  25.2 Mbits/sec    0    115 KBytes       
[SUM]  71.00-72.00  sec  12.4 MBytes   104 Mbits/sec    2             
- - - - - - - - - - - - - - - - - - - - - - - - -
[  5]  72.00-73.00  sec  2.75 MBytes  23.1 Mbits/sec    0    115 KBytes       
[  7]  72.00-73.00  sec  3.00 MBytes  25.2 Mbits/sec    1    102 KBytes       
[  9]  72.00-73.00  sec  3.00 MBytes  25.2 Mbits/sec    0    103 KBytes       
[ 11]  72.00-73.00  sec  2.62 MBytes  22.0 Mbits/sec    1    100 KBytes       
[SUM]  72.00-73.00  sec  11.4 MBytes  95.4 Mbits/sec    2             
- - - - - - - - - - - - - - - - - - - - - - - - -
[  5]  73.00-74.00  sec  2.88 MBytes  24.1 Mbits/sec    1    100 KBytes       
[  7]  73.00-74.00  sec  3.00 MBytes  25.2 Mbits/sec    1   87.7 KBytes       
[  9]  73.00-74.00  sec  2.62 MBytes  22.0 Mbits/sec    1   89.1 KBytes       
[ 11]  73.00-74.00  sec  3.00 MBytes  25.2 Mbits/sec    1   84.8 KBytes       
[SUM]  73.00-74.00  sec  11.5 MBytes  96.5 Mbits/sec    4             
- - - - - - - - - - - - - - - - - - - - - - - - -
[  5]  74.00-75.00  sec  2.75 MBytes  23.1 Mbits/sec    1   84.8 KBytes       
[  7]  74.00-75.00  sec  2.50 MBytes  21.0 Mbits/sec    0    109 KBytes       
[  9]  74.00-75.00  sec  3.00 MBytes  25.2 Mbits/sec    0    110 KBytes       
[ 11]  74.00-75.00  sec  2.62 MBytes  22.0 Mbits/sec    0    107 KBytes       
[SUM]  74.00-75.00  sec  10.9 MBytes  91.2 Mbits/sec    1             
- - - - - - - - - - - - - - - - - - - - - - - - -
[  5]  75.00-76.00  sec  2.75 MBytes  23.1 Mbits/sec    0    106 KBytes       
[  7]  75.00-76.00  sec  3.00 MBytes  25.2 Mbits/sec    1   93.3 KBytes       
[  9]  75.00-76.00  sec  2.88 MBytes  24.1 Mbits/sec    1   94.7 KBytes       
[ 11]  75.00-76.00  sec  2.88 MBytes  24.1 Mbits/sec    1   91.9 KBytes       
[SUM]  75.00-76.00  sec  11.5 MBytes  96.5 Mbits/sec    3             
- - - - - - - - - - - - - - - - - - - - - - - - -
[  5]  76.00-77.00  sec  3.00 MBytes  25.2 Mbits/sec    1   91.9 KBytes       
[  7]  76.00-77.00  sec  2.62 MBytes  22.0 Mbits/sec    0    115 KBytes       
[  9]  76.00-77.00  sec  2.62 MBytes  22.0 Mbits/sec    0    116 KBytes       
[ 11]  76.00-77.00  sec  3.00 MBytes  25.2 Mbits/sec    0    113 KBytes       
[SUM]  76.00-77.00  sec  11.2 MBytes  94.3 Mbits/sec    1             
- - - - - - - - - - - - - - - - - - - - - - - - -
[  5]  77.00-78.00  sec  2.75 MBytes  23.1 Mbits/sec    0    112 KBytes       
[  7]  77.00-78.00  sec  3.00 MBytes  25.2 Mbits/sec    1    100 KBytes       
[  9]  77.00-78.00  sec  3.00 MBytes  25.2 Mbits/sec    1    102 KBytes       
[ 11]  77.00-78.00  sec  2.62 MBytes  22.0 Mbits/sec    1   99.0 KBytes       
[SUM]  77.00-78.00  sec  11.4 MBytes  95.4 Mbits/sec    3             
- - - - - - - - - - - - - - - - - - - - - - - - -
[  5]  78.00-79.00  sec  2.75 MBytes  23.1 Mbits/sec    1   97.6 KBytes       
[  7]  78.00-79.00  sec  3.00 MBytes  25.2 Mbits/sec    1   84.8 KBytes       
[  9]  78.00-79.00  sec  2.62 MBytes  22.0 Mbits/sec    1   86.3 KBytes       
[ 11]  78.00-79.00  sec  3.00 MBytes  25.2 Mbits/sec    1   82.0 KBytes       
[SUM]  78.00-79.00  sec  11.4 MBytes  95.5 Mbits/sec    4             
- - - - - - - - - - - - - - - - - - - - - - - - -
[  5]  79.00-80.00  sec  2.88 MBytes  24.1 Mbits/sec    1    100 KBytes       
[  7]  79.00-80.00  sec  2.62 MBytes  22.0 Mbits/sec    0    106 KBytes       
[  9]  79.00-80.00  sec  3.00 MBytes  25.1 Mbits/sec    0    107 KBytes       
[ 11]  79.00-80.00  sec  3.00 MBytes  25.1 Mbits/sec    0    105 KBytes       
[SUM]  79.00-80.00  sec  11.5 MBytes  96.4 Mbits/sec    1             
- - - - - - - - - - - - - - - - - - - - - - - - -
[  5]  80.00-81.00  sec  2.75 MBytes  23.1 Mbits/sec    0    103 KBytes       
[  7]  80.00-81.00  sec  3.00 MBytes  25.2 Mbits/sec    1   91.9 KBytes       
[  9]  80.00-81.00  sec  3.00 MBytes  25.2 Mbits/sec    1   93.3 KBytes       
[ 11]  80.00-81.00  sec  2.62 MBytes  22.0 Mbits/sec    1   90.5 KBytes       
[SUM]  80.00-81.00  sec  11.4 MBytes  95.4 Mbits/sec    3             
- - - - - - - - - - - - - - - - - - - - - - - - -
[  5]  81.00-82.00  sec  2.88 MBytes  24.1 Mbits/sec    1   89.1 KBytes       
[  7]  81.00-82.00  sec  2.62 MBytes  22.0 Mbits/sec    0    112 KBytes       
[  9]  81.00-82.00  sec  2.62 MBytes  22.0 Mbits/sec    0    113 KBytes       
[ 11]  81.00-82.00  sec  3.00 MBytes  25.2 Mbits/sec    0    110 KBytes       
[SUM]  81.00-82.00  sec  11.1 MBytes  93.4 Mbits/sec    1             
- - - - - - - - - - - - - - - - - - - - - - - - -
[  5]  82.00-83.00  sec  2.75 MBytes  23.0 Mbits/sec    0    110 KBytes       
[  7]  82.00-83.00  sec  2.88 MBytes  24.1 Mbits/sec    1   97.6 KBytes       
[  9]  82.00-83.00  sec  3.00 MBytes  25.1 Mbits/sec    1   99.0 KBytes       
[ 11]  82.00-83.00  sec  2.50 MBytes  21.0 Mbits/sec    1   96.2 KBytes       
[SUM]  82.00-83.00  sec  11.1 MBytes  93.2 Mbits/sec    3             
- - - - - - - - - - - - - - - - - - - - - - - - -
[  5]  83.00-84.00  sec  2.75 MBytes  23.1 Mbits/sec    1   94.7 KBytes       
[  7]  83.00-84.00  sec  3.00 MBytes  25.2 Mbits/sec    1    110 KBytes       
[  9]  83.00-84.00  sec  2.88 MBytes  24.1 Mbits/sec    1   83.4 KBytes       
[ 11]  83.00-84.00  sec  3.00 MBytes  25.2 Mbits/sec    0    116 KBytes       
[SUM]  83.00-84.00  sec  11.6 MBytes  97.6 Mbits/sec    3             
- - - - - - - - - - - - - - - - - - - - - - - - -
[  5]  84.00-85.00  sec  2.88 MBytes  24.1 Mbits/sec    0    116 KBytes       
[  7]  84.00-85.00  sec  2.62 MBytes  22.0 Mbits/sec    0    103 KBytes       
[  9]  84.00-85.00  sec  2.62 MBytes  22.0 Mbits/sec    0    106 KBytes       
[ 11]  84.00-85.00  sec  3.12 MBytes  26.2 Mbits/sec    1    102 KBytes       
[SUM]  84.00-85.00  sec  11.2 MBytes  94.3 Mbits/sec    1             
- - - - - - - - - - - - - - - - - - - - - - - - -
[  5]  85.00-86.00  sec  2.75 MBytes  23.1 Mbits/sec    1    102 KBytes       
[  7]  85.00-86.00  sec  3.00 MBytes  25.2 Mbits/sec    1   89.1 KBytes       
[  9]  85.00-86.00  sec  3.00 MBytes  25.2 Mbits/sec    1   90.5 KBytes       
[ 11]  85.00-86.00  sec  2.62 MBytes  22.0 Mbits/sec    1   87.7 KBytes       
[SUM]  85.00-86.00  sec  11.4 MBytes  95.4 Mbits/sec    4             
- - - - - - - - - - - - - - - - - - - - - - - - -
[  5]  86.00-87.00  sec  2.75 MBytes  23.1 Mbits/sec    1   87.7 KBytes       
[  7]  86.00-87.00  sec  3.00 MBytes  25.2 Mbits/sec    0    110 KBytes       
[  9]  86.00-87.00  sec  2.62 MBytes  22.0 Mbits/sec    0    112 KBytes       
[ 11]  86.00-87.00  sec  2.88 MBytes  24.1 Mbits/sec    0    109 KBytes       
[SUM]  86.00-87.00  sec  11.2 MBytes  94.4 Mbits/sec    1             
- - - - - - - - - - - - - - - - - - - - - - - - -
[  5]  87.00-88.00  sec  2.88 MBytes  24.1 Mbits/sec    0    107 KBytes       
[  7]  87.00-88.00  sec  2.62 MBytes  22.0 Mbits/sec    1   94.7 KBytes       
[  9]  87.00-88.00  sec  3.00 MBytes  25.2 Mbits/sec    1   96.2 KBytes       
[ 11]  87.00-88.00  sec  2.62 MBytes  22.0 Mbits/sec    1   93.3 KBytes       
[SUM]  87.00-88.00  sec  11.1 MBytes  93.3 Mbits/sec    3             
- - - - - - - - - - - - - - - - - - - - - - - - -
[  5]  88.00-89.00  sec  2.75 MBytes  23.1 Mbits/sec    1   93.3 KBytes       
[  7]  88.00-89.00  sec  3.00 MBytes  25.2 Mbits/sec    0    116 KBytes       
[  9]  88.00-89.00  sec  3.00 MBytes  25.2 Mbits/sec    0    117 KBytes       
[ 11]  88.00-89.00  sec  3.00 MBytes  25.2 Mbits/sec    0    115 KBytes       
[SUM]  88.00-89.00  sec  11.8 MBytes  98.6 Mbits/sec    1             
- - - - - - - - - - - - - - - - - - - - - - - - -
[  5]  89.00-90.00  sec  2.88 MBytes  24.1 Mbits/sec    0    115 KBytes       
[  7]  89.00-90.00  sec  2.50 MBytes  21.0 Mbits/sec    1    102 KBytes       
[  9]  89.00-90.00  sec  2.62 MBytes  22.0 Mbits/sec    1    103 KBytes       
[ 11]  89.00-90.00  sec  3.00 MBytes  25.2 Mbits/sec    1    100 KBytes       
[SUM]  89.00-90.00  sec  11.0 MBytes  92.3 Mbits/sec    3             
- - - - - - - - - - - - - - - - - - - - - - - - -
[  5]  90.00-91.00  sec  2.75 MBytes  23.1 Mbits/sec    1   99.0 KBytes       
[  7]  90.00-91.00  sec  3.00 MBytes  25.2 Mbits/sec    1   86.3 KBytes       
[  9]  90.00-91.00  sec  2.88 MBytes  24.1 Mbits/sec    1   89.1 KBytes       
[ 11]  90.00-91.00  sec  2.62 MBytes  22.0 Mbits/sec    1   84.8 KBytes       
[SUM]  90.00-91.00  sec  11.2 MBytes  94.4 Mbits/sec    4             
- - - - - - - - - - - - - - - - - - - - - - - - -
[  5]  91.00-92.00  sec  2.75 MBytes  23.1 Mbits/sec    1   83.4 KBytes       
[  7]  91.00-92.00  sec  3.00 MBytes  25.2 Mbits/sec    0    107 KBytes       
[  9]  91.00-92.00  sec  3.00 MBytes  25.2 Mbits/sec    0    109 KBytes       
[ 11]  91.00-92.00  sec  3.00 MBytes  25.2 Mbits/sec    0    106 KBytes       
[SUM]  91.00-92.00  sec  11.8 MBytes  98.6 Mbits/sec    1             
- - - - - - - - - - - - - - - - - - - - - - - - -
[  5]  92.00-93.00  sec  2.88 MBytes  24.1 Mbits/sec    0    106 KBytes       
[  7]  92.00-93.00  sec  2.62 MBytes  22.0 Mbits/sec    1   93.3 KBytes       
[  9]  92.00-93.00  sec  2.62 MBytes  22.0 Mbits/sec    1   94.7 KBytes       
[ 11]  92.00-93.00  sec  2.62 MBytes  22.0 Mbits/sec    1   91.9 KBytes       
[SUM]  92.00-93.00  sec  10.8 MBytes  90.2 Mbits/sec    3             
- - - - - - - - - - - - - - - - - - - - - - - - -
[  5]  93.00-94.00  sec  2.75 MBytes  23.1 Mbits/sec    1   90.5 KBytes       
[  7]  93.00-94.00  sec  3.00 MBytes  25.1 Mbits/sec    0    113 KBytes       
[  9]  93.00-94.00  sec  3.00 MBytes  25.1 Mbits/sec    0    115 KBytes       
[ 11]  93.00-94.00  sec  2.88 MBytes  24.1 Mbits/sec    0    113 KBytes       
[SUM]  93.00-94.00  sec  11.6 MBytes  97.4 Mbits/sec    1             
- - - - - - - - - - - - - - - - - - - - - - - - -
[  5]  94.00-95.00  sec  3.75 MBytes  31.5 Mbits/sec    0    112 KBytes       
[  7]  94.00-95.00  sec  3.00 MBytes  25.2 Mbits/sec    1   99.0 KBytes       
[  9]  94.00-95.00  sec  2.62 MBytes  22.0 Mbits/sec    1    100 KBytes       
[ 11]  94.00-95.00  sec  2.88 MBytes  24.1 Mbits/sec    1   97.6 KBytes       
[SUM]  94.00-95.00  sec  12.2 MBytes   103 Mbits/sec    3             
- - - - - - - - - - - - - - - - - - - - - - - - -
[  5]  95.00-96.00  sec  2.88 MBytes  24.1 Mbits/sec    1   97.6 KBytes       
[  7]  95.00-96.00  sec  2.62 MBytes  22.0 Mbits/sec    1   83.4 KBytes       
[  9]  95.00-96.00  sec  3.00 MBytes  25.2 Mbits/sec    1   84.8 KBytes       
[ 11]  95.00-96.00  sec  2.62 MBytes  22.0 Mbits/sec    1   99.0 KBytes       
[SUM]  95.00-96.00  sec  11.1 MBytes  93.3 Mbits/sec    4             
- - - - - - - - - - - - - - - - - - - - - - - - -
[  5]  96.00-97.00  sec  2.75 MBytes  23.1 Mbits/sec    0    117 KBytes       
[  7]  96.00-97.00  sec  3.00 MBytes  25.2 Mbits/sec    0    105 KBytes       
[  9]  96.00-97.00  sec  3.00 MBytes  25.2 Mbits/sec    0    107 KBytes       
[ 11]  96.00-97.00  sec  3.00 MBytes  25.2 Mbits/sec    0    105 KBytes       
[SUM]  96.00-97.00  sec  11.8 MBytes  98.6 Mbits/sec    0             
- - - - - - - - - - - - - - - - - - - - - - - - -
[  5]  97.00-98.00  sec  2.75 MBytes  23.1 Mbits/sec    1    103 KBytes       
[  7]  97.00-98.00  sec  2.50 MBytes  21.0 Mbits/sec    1   90.5 KBytes       
[  9]  97.00-98.00  sec  2.62 MBytes  22.0 Mbits/sec    1   91.9 KBytes       
[ 11]  97.00-98.00  sec  3.00 MBytes  25.2 Mbits/sec    1   89.1 KBytes       
[SUM]  97.00-98.00  sec  10.9 MBytes  91.3 Mbits/sec    4             
- - - - - - - - - - - - - - - - - - - - - - - - -
[  5]  98.00-99.00  sec  2.88 MBytes  24.1 Mbits/sec    1   89.1 KBytes       
[  7]  98.00-99.00  sec  3.00 MBytes  25.2 Mbits/sec    0    112 KBytes       
[  9]  98.00-99.00  sec  2.88 MBytes  24.1 Mbits/sec    0    113 KBytes       
[ 11]  98.00-99.00  sec  2.62 MBytes  22.0 Mbits/sec    0    110 KBytes       
[SUM]  98.00-99.00  sec  11.4 MBytes  95.4 Mbits/sec    1             
- - - - - - - - - - - - - - - - - - - - - - - - -
[  5]  99.00-100.00 sec  2.75 MBytes  23.0 Mbits/sec    0    109 KBytes       
[  7]  99.00-100.00 sec  3.00 MBytes  25.1 Mbits/sec    1   96.2 KBytes       
[  9]  99.00-100.00 sec  3.00 MBytes  25.1 Mbits/sec    1   99.0 KBytes       
[ 11]  99.00-100.00 sec  3.00 MBytes  25.1 Mbits/sec    1   96.2 KBytes       
[SUM]  99.00-100.00 sec  11.8 MBytes  98.5 Mbits/sec    3             
- - - - - - - - - - - - - - - - - - - - - - - - -
[  5] 100.00-101.00 sec  2.88 MBytes  24.1 Mbits/sec    1   94.7 KBytes       
[  7] 100.00-101.00 sec  2.62 MBytes  22.0 Mbits/sec    0    117 KBytes       
[  9] 100.00-101.00 sec  2.62 MBytes  22.0 Mbits/sec    1   82.0 KBytes       
[ 11] 100.00-101.00 sec  2.62 MBytes  22.0 Mbits/sec    0    116 KBytes       
[SUM] 100.00-101.00 sec  10.8 MBytes  90.2 Mbits/sec    2             
- - - - - - - - - - - - - - - - - - - - - - - - -
[  5] 101.00-102.00 sec  2.75 MBytes  23.1 Mbits/sec    0    115 KBytes       
[  7] 101.00-102.00 sec  3.00 MBytes  25.2 Mbits/sec    1    103 KBytes       
[  9] 101.00-102.00 sec  3.00 MBytes  25.2 Mbits/sec    0    105 KBytes       
[ 11] 101.00-102.00 sec  2.88 MBytes  24.1 Mbits/sec    1    102 KBytes       
[SUM] 101.00-102.00 sec  11.6 MBytes  97.5 Mbits/sec    2             
- - - - - - - - - - - - - - - - - - - - - - - - -
[  5] 102.00-103.00 sec  2.75 MBytes  23.1 Mbits/sec    1    100 KBytes       
[  7] 102.00-103.00 sec  3.00 MBytes  25.2 Mbits/sec    1   87.7 KBytes       
[  9] 102.00-103.00 sec  2.62 MBytes  22.0 Mbits/sec    1   90.5 KBytes       
[ 11] 102.00-103.00 sec  3.00 MBytes  25.2 Mbits/sec    1   87.7 KBytes       
[SUM] 102.00-103.00 sec  11.4 MBytes  95.4 Mbits/sec    4             
- - - - - - - - - - - - - - - - - - - - - - - - -
[  5] 103.00-104.00 sec  2.88 MBytes  24.1 Mbits/sec    1   86.3 KBytes       
[  7] 103.00-104.00 sec  2.62 MBytes  22.0 Mbits/sec    0    109 KBytes       
[  9] 103.00-104.00 sec  3.00 MBytes  25.2 Mbits/sec    0    110 KBytes       
[ 11] 103.00-104.00 sec  2.62 MBytes  22.0 Mbits/sec    0    107 KBytes       
[SUM] 103.00-104.00 sec  11.1 MBytes  93.4 Mbits/sec    1             
- - - - - - - - - - - - - - - - - - - - - - - - -
[  5] 104.00-105.00 sec  2.75 MBytes  23.1 Mbits/sec    0    107 KBytes       
[  7] 104.00-105.00 sec  3.00 MBytes  25.2 Mbits/sec    1   94.7 KBytes       
[  9] 104.00-105.00 sec  3.00 MBytes  25.2 Mbits/sec    1   96.2 KBytes       
[ 11] 104.00-105.00 sec  3.00 MBytes  25.2 Mbits/sec    1   93.3 KBytes       
[SUM] 104.00-105.00 sec  11.8 MBytes  98.6 Mbits/sec    3             
- - - - - - - - - - - - - - - - - - - - - - - - -
[  5] 105.00-106.00 sec  2.75 MBytes  23.1 Mbits/sec    1   91.9 KBytes       
[  7] 105.00-106.00 sec  2.50 MBytes  21.0 Mbits/sec    0    115 KBytes       
[  9] 105.00-106.00 sec  2.62 MBytes  22.0 Mbits/sec    0    116 KBytes       
[ 11] 105.00-106.00 sec  3.00 MBytes  25.2 Mbits/sec    0    115 KBytes       
[SUM] 105.00-106.00 sec  10.9 MBytes  91.2 Mbits/sec    1             
- - - - - - - - - - - - - - - - - - - - - - - - -
[  5] 106.00-107.00 sec  2.88 MBytes  24.1 Mbits/sec    0    113 KBytes       
[  7] 106.00-107.00 sec  3.00 MBytes  25.2 Mbits/sec    1    100 KBytes       
[  9] 106.00-107.00 sec  2.88 MBytes  24.1 Mbits/sec    1    102 KBytes       
[ 11] 106.00-107.00 sec  2.62 MBytes  22.0 Mbits/sec    1   99.0 KBytes       
[SUM] 106.00-107.00 sec  11.4 MBytes  95.4 Mbits/sec    3             
- - - - - - - - - - - - - - - - - - - - - - - - -
[  5] 107.00-108.00 sec  2.75 MBytes  23.1 Mbits/sec    1   99.0 KBytes       
[  7] 107.00-108.00 sec  3.00 MBytes  25.2 Mbits/sec    1   84.8 KBytes       
[  9] 107.00-108.00 sec  3.00 MBytes  25.2 Mbits/sec    1   87.7 KBytes       
[ 11] 107.00-108.00 sec  3.00 MBytes  25.2 Mbits/sec    1   84.8 KBytes       
[SUM] 107.00-108.00 sec  11.8 MBytes  98.6 Mbits/sec    4             
- - - - - - - - - - - - - - - - - - - - - - - - -
[  5] 108.00-109.00 sec  2.88 MBytes  24.1 Mbits/sec    1   82.0 KBytes       
[  7] 108.00-109.00 sec  2.62 MBytes  22.0 Mbits/sec    0    106 KBytes       
[  9] 108.00-109.00 sec  2.62 MBytes  22.0 Mbits/sec    0    109 KBytes       
[ 11] 108.00-109.00 sec  2.62 MBytes  22.0 Mbits/sec    0    106 KBytes       
[SUM] 108.00-109.00 sec  10.8 MBytes  90.2 Mbits/sec    1             
- - - - - - - - - - - - - - - - - - - - - - - - -
[  5] 109.00-110.00 sec  2.75 MBytes  23.1 Mbits/sec    0    105 KBytes       
[  7] 109.00-110.00 sec  3.00 MBytes  25.2 Mbits/sec    1   91.9 KBytes       
[  9] 109.00-110.00 sec  3.00 MBytes  25.2 Mbits/sec    1   93.3 KBytes       
[ 11] 109.00-110.00 sec  2.88 MBytes  24.1 Mbits/sec    1   90.5 KBytes       
[SUM] 109.00-110.00 sec  11.6 MBytes  97.6 Mbits/sec    3             
- - - - - - - - - - - - - - - - - - - - - - - - -
[  5] 110.00-111.00 sec  2.75 MBytes  23.1 Mbits/sec    1   90.5 KBytes       
[  7] 110.00-111.00 sec  3.00 MBytes  25.2 Mbits/sec    0    113 KBytes       
[  9] 110.00-111.00 sec  2.62 MBytes  22.0 Mbits/sec    0    115 KBytes       
[ 11] 110.00-111.00 sec  3.00 MBytes  25.2 Mbits/sec    0    112 KBytes       
[SUM] 110.00-111.00 sec  11.4 MBytes  95.4 Mbits/sec    1             
- - - - - - - - - - - - - - - - - - - - - - - - -
[  5] 111.00-112.00 sec  2.88 MBytes  24.1 Mbits/sec    0    110 KBytes       
[  7] 111.00-112.00 sec  2.62 MBytes  22.0 Mbits/sec    1   97.6 KBytes       
[  9] 111.00-112.00 sec  3.00 MBytes  25.1 Mbits/sec    1    100 KBytes       
[ 11] 111.00-112.00 sec  2.62 MBytes  22.0 Mbits/sec    1   97.6 KBytes       
[SUM] 111.00-112.00 sec  11.1 MBytes  93.2 Mbits/sec    3             
- - - - - - - - - - - - - - - - - - - - - - - - -
[  5] 112.00-113.00 sec  2.75 MBytes  23.1 Mbits/sec    1   96.2 KBytes       
[  7] 112.00-113.00 sec  2.88 MBytes  24.1 Mbits/sec    1   82.0 KBytes       
[  9] 112.00-113.00 sec  3.00 MBytes  25.2 Mbits/sec    1   84.8 KBytes       
[ 11] 112.00-113.00 sec  3.00 MBytes  25.2 Mbits/sec    0    117 KBytes       
[SUM] 112.00-113.00 sec  11.6 MBytes  97.5 Mbits/sec    3             
- - - - - - - - - - - - - - - - - - - - - - - - -
[  5] 113.00-114.00 sec  2.75 MBytes  23.1 Mbits/sec    0    116 KBytes       
[  7] 113.00-114.00 sec  2.62 MBytes  22.0 Mbits/sec    0    105 KBytes       
[  9] 113.00-114.00 sec  2.50 MBytes  21.0 Mbits/sec    0    106 KBytes       
[ 11] 113.00-114.00 sec  3.00 MBytes  25.2 Mbits/sec    1    103 KBytes       
[SUM] 113.00-114.00 sec  10.9 MBytes  91.2 Mbits/sec    1             
- - - - - - - - - - - - - - - - - - - - - - - - -
[  5] 114.00-115.00 sec  2.88 MBytes  24.1 Mbits/sec    1    102 KBytes       
[  7] 114.00-115.00 sec  3.00 MBytes  25.2 Mbits/sec    1   89.1 KBytes       
[  9] 114.00-115.00 sec  3.00 MBytes  25.2 Mbits/sec    1   91.9 KBytes       
[ 11] 114.00-115.00 sec  2.62 MBytes  22.0 Mbits/sec    1   89.1 KBytes       
[SUM] 114.00-115.00 sec  11.5 MBytes  96.5 Mbits/sec    4             
- - - - - - - - - - - - - - - - - - - - - - - - -
[  5] 115.00-116.00 sec  2.75 MBytes  23.1 Mbits/sec    1   87.7 KBytes       
[  7] 115.00-116.00 sec  3.00 MBytes  25.2 Mbits/sec    0    110 KBytes       
[  9] 115.00-116.00 sec  3.00 MBytes  25.2 Mbits/sec    0    112 KBytes       
[ 11] 115.00-116.00 sec  3.00 MBytes  25.2 Mbits/sec    0    109 KBytes       
[SUM] 115.00-116.00 sec  11.8 MBytes  98.6 Mbits/sec    1             
- - - - - - - - - - - - - - - - - - - - - - - - -
[  5] 116.00-117.00 sec  3.75 MBytes  31.5 Mbits/sec    0    109 KBytes       
[  7] 116.00-117.00 sec  2.62 MBytes  22.0 Mbits/sec    1   96.2 KBytes       
[  9] 116.00-117.00 sec  2.62 MBytes  22.0 Mbits/sec    1   97.6 KBytes       
[ 11] 116.00-117.00 sec  2.62 MBytes  22.0 Mbits/sec    1   94.7 KBytes       
[SUM] 116.00-117.00 sec  11.6 MBytes  97.5 Mbits/sec    3             
- - - - - - - - - - - - - - - - - - - - - - - - -
[  5] 117.00-118.00 sec  2.75 MBytes  23.1 Mbits/sec    1   94.7 KBytes       
[  7] 117.00-118.00 sec  3.00 MBytes  25.2 Mbits/sec    0    116 KBytes       
[  9] 117.00-118.00 sec  3.00 MBytes  25.2 Mbits/sec    1    103 KBytes       
[ 11] 117.00-118.00 sec  2.88 MBytes  24.1 Mbits/sec    0    116 KBytes       
[SUM] 117.00-118.00 sec  11.6 MBytes  97.6 Mbits/sec    2             
- - - - - - - - - - - - - - - - - - - - - - - - -
[  5] 118.00-119.00 sec  2.88 MBytes  24.1 Mbits/sec    0    115 KBytes       
[  7] 118.00-119.00 sec  2.62 MBytes  22.0 Mbits/sec    1    102 KBytes       
[  9] 118.00-119.00 sec  2.62 MBytes  22.0 Mbits/sec    0    103 KBytes       
[ 11] 118.00-119.00 sec  3.00 MBytes  25.2 Mbits/sec    1    100 KBytes       
[SUM] 118.00-119.00 sec  11.1 MBytes  93.3 Mbits/sec    2             
- - - - - - - - - - - - - - - - - - - - - - - - -
[  5] 119.00-120.00 sec  2.75 MBytes  23.1 Mbits/sec    1    100 KBytes       
[  7] 119.00-120.00 sec  3.00 MBytes  25.2 Mbits/sec    1   87.7 KBytes       
[  9] 119.00-120.00 sec  3.00 MBytes  25.2 Mbits/sec    1   89.1 KBytes       
[ 11] 119.00-120.00 sec  2.62 MBytes  22.0 Mbits/sec    1   86.3 KBytes       
[SUM] 119.00-120.00 sec  11.4 MBytes  95.4 Mbits/sec    4             
- - - - - - - - - - - - - - - - - - - - - - - - -
[  5] 120.00-121.00 sec  2.75 MBytes  23.1 Mbits/sec    1   84.8 KBytes       
[  7] 120.00-121.00 sec  3.00 MBytes  25.2 Mbits/sec    0    107 KBytes       
[  9] 120.00-121.00 sec  3.00 MBytes  25.2 Mbits/sec    0    110 KBytes       
[ 11] 120.00-121.00 sec  3.00 MBytes  25.2 Mbits/sec    0    107 KBytes       
[SUM] 120.00-121.00 sec  11.8 MBytes  98.5 Mbits/sec    1             
- - - - - - - - - - - - - - - - - - - - - - - - -
[  5] 121.00-122.00 sec  2.88 MBytes  24.1 Mbits/sec    0    106 KBytes       
[  7] 121.00-122.00 sec  2.62 MBytes  22.0 Mbits/sec    1   94.7 KBytes       
[  9] 121.00-122.00 sec  2.50 MBytes  21.0 Mbits/sec    1   94.7 KBytes       
[ 11] 121.00-122.00 sec  3.00 MBytes  25.2 Mbits/sec    1   91.9 KBytes       
[SUM] 121.00-122.00 sec  11.0 MBytes  92.2 Mbits/sec    3             
- - - - - - - - - - - - - - - - - - - - - - - - -
[  5] 122.00-123.00 sec  2.75 MBytes  23.1 Mbits/sec    1   91.9 KBytes       
[  7] 122.00-123.00 sec  3.00 MBytes  25.2 Mbits/sec    0    115 KBytes       
[  9] 122.00-123.00 sec  3.00 MBytes  25.2 Mbits/sec    0    116 KBytes       
[ 11] 122.00-123.00 sec  2.62 MBytes  22.0 Mbits/sec    0    113 KBytes       
[SUM] 122.00-123.00 sec  11.4 MBytes  95.5 Mbits/sec    1             
- - - - - - - - - - - - - - - - - - - - - - - - -
[  5] 123.00-124.00 sec  2.88 MBytes  24.1 Mbits/sec    0    112 KBytes       
[  7] 123.00-124.00 sec  3.00 MBytes  25.2 Mbits/sec    1   99.0 KBytes       
[  9] 123.00-124.00 sec  2.62 MBytes  22.0 Mbits/sec    1    102 KBytes       
[ 11] 123.00-124.00 sec  3.00 MBytes  25.2 Mbits/sec    1   99.0 KBytes       
[SUM] 123.00-124.00 sec  11.5 MBytes  96.5 Mbits/sec    3             
- - - - - - - - - - - - - - - - - - - - - - - - -
[  5] 124.00-125.00 sec  2.75 MBytes  23.1 Mbits/sec    1   97.6 KBytes       
[  7] 124.00-125.00 sec  2.50 MBytes  21.0 Mbits/sec    1   84.8 KBytes       
[  9] 124.00-125.00 sec  3.00 MBytes  25.2 Mbits/sec    1   86.3 KBytes       
[ 11] 124.00-125.00 sec  2.50 MBytes  21.0 Mbits/sec    1   82.0 KBytes       
[SUM] 124.00-125.00 sec  10.8 MBytes  90.2 Mbits/sec    4             
- - - - - - - - - - - - - - - - - - - - - - - - -
[  5] 125.00-126.00 sec  2.75 MBytes  23.1 Mbits/sec    1    106 KBytes       
[  7] 125.00-126.00 sec  3.00 MBytes  25.2 Mbits/sec    0    106 KBytes       
[  9] 125.00-126.00 sec  3.00 MBytes  25.2 Mbits/sec    0    107 KBytes       
[ 11] 125.00-126.00 sec  3.00 MBytes  25.2 Mbits/sec    0    105 KBytes       
[SUM] 125.00-126.00 sec  11.8 MBytes  98.5 Mbits/sec    1             
- - - - - - - - - - - - - - - - - - - - - - - - -
[  5] 126.00-127.00 sec  2.88 MBytes  24.1 Mbits/sec    0    103 KBytes       
[  7] 126.00-127.00 sec  2.62 MBytes  22.0 Mbits/sec    1   91.9 KBytes       
[  9] 126.00-127.00 sec  2.62 MBytes  22.0 Mbits/sec    1   93.3 KBytes       
[ 11] 126.00-127.00 sec  3.00 MBytes  25.2 Mbits/sec    1   90.5 KBytes       
[SUM] 126.00-127.00 sec  11.1 MBytes  93.3 Mbits/sec    3             
- - - - - - - - - - - - - - - - - - - - - - - - -
[  5] 127.00-128.00 sec  2.75 MBytes  23.1 Mbits/sec    1   89.1 KBytes       
[  7] 127.00-128.00 sec  3.00 MBytes  25.2 Mbits/sec    0    113 KBytes       
[  9] 127.00-128.00 sec  3.00 MBytes  25.2 Mbits/sec    0    115 KBytes       
[ 11] 127.00-128.00 sec  2.62 MBytes  22.0 Mbits/sec    0    112 KBytes       
[SUM] 127.00-128.00 sec  11.4 MBytes  95.5 Mbits/sec    1             
- - - - - - - - - - - - - - - - - - - - - - - - -
[  5] 128.00-129.00 sec  2.75 MBytes  23.1 Mbits/sec    0    110 KBytes       
[  7] 128.00-129.00 sec  3.00 MBytes  25.2 Mbits/sec    1   97.6 KBytes       
[  9] 128.00-129.00 sec  2.88 MBytes  24.1 Mbits/sec    1   99.0 KBytes       
[ 11] 128.00-129.00 sec  3.00 MBytes  25.2 Mbits/sec    1   96.2 KBytes       
[SUM] 128.00-129.00 sec  11.6 MBytes  97.5 Mbits/sec    3             
- - - - - - - - - - - - - - - - - - - - - - - - -
[  5] 129.00-130.00 sec  2.88 MBytes  24.1 Mbits/sec    1   94.7 KBytes       
[  7] 129.00-130.00 sec  2.62 MBytes  22.0 Mbits/sec    1   93.3 KBytes       
[  9] 129.00-130.00 sec  2.62 MBytes  22.0 Mbits/sec    1   83.4 KBytes       
[ 11] 129.00-130.00 sec  3.00 MBytes  25.2 Mbits/sec    0    116 KBytes       
[SUM] 129.00-130.00 sec  11.1 MBytes  93.3 Mbits/sec    3             
- - - - - - - - - - - - - - - - - - - - - - - - -
[  5] 130.00-131.00 sec  2.75 MBytes  23.1 Mbits/sec    0    116 KBytes       
[  7] 130.00-131.00 sec  3.00 MBytes  25.2 Mbits/sec    0    105 KBytes       
[  9] 130.00-131.00 sec  3.00 MBytes  25.2 Mbits/sec    0    105 KBytes       
[ 11] 130.00-131.00 sec  2.62 MBytes  22.0 Mbits/sec    1    102 KBytes       
[SUM] 130.00-131.00 sec  11.4 MBytes  95.5 Mbits/sec    1             
- - - - - - - - - - - - - - - - - - - - - - - - -
[  5] 131.00-132.00 sec  2.88 MBytes  24.1 Mbits/sec    1    102 KBytes       
[  7] 131.00-132.00 sec  2.88 MBytes  24.1 Mbits/sec    1   89.1 KBytes       
[  9] 131.00-132.00 sec  2.62 MBytes  22.0 Mbits/sec    1   90.5 KBytes       
[ 11] 131.00-132.00 sec  3.00 MBytes  25.1 Mbits/sec    1   87.7 KBytes       
[SUM] 131.00-132.00 sec  11.4 MBytes  95.3 Mbits/sec    4             
- - - - - - - - - - - - - - - - - - - - - - - - -
[  5] 132.00-133.00 sec  2.75 MBytes  23.1 Mbits/sec    1   86.3 KBytes       
[  7] 132.00-133.00 sec  2.62 MBytes  22.0 Mbits/sec    0    110 KBytes       
[  9] 132.00-133.00 sec  3.00 MBytes  25.2 Mbits/sec    0    112 KBytes       
[ 11] 132.00-133.00 sec  2.50 MBytes  21.0 Mbits/sec    0    109 KBytes       
[SUM] 132.00-133.00 sec  10.9 MBytes  91.2 Mbits/sec    1             
- - - - - - - - - - - - - - - - - - - - - - - - -
[  5] 133.00-134.00 sec  2.75 MBytes  23.1 Mbits/sec    0    107 KBytes       
[  7] 133.00-134.00 sec  3.00 MBytes  25.2 Mbits/sec    1   96.2 KBytes       
[  9] 133.00-134.00 sec  3.00 MBytes  25.2 Mbits/sec    1   97.6 KBytes       
[ 11] 133.00-134.00 sec  3.00 MBytes  25.2 Mbits/sec    1   94.7 KBytes       
[SUM] 133.00-134.00 sec  11.8 MBytes  98.6 Mbits/sec    3             
- - - - - - - - - - - - - - - - - - - - - - - - -
[  5] 134.00-135.00 sec  2.88 MBytes  24.1 Mbits/sec    1   93.3 KBytes       
[  7] 134.00-135.00 sec  2.62 MBytes  22.0 Mbits/sec    0    116 KBytes       
[  9] 134.00-135.00 sec  2.62 MBytes  22.0 Mbits/sec    0    117 KBytes       
[ 11] 134.00-135.00 sec  3.00 MBytes  25.2 Mbits/sec    0    115 KBytes       
[SUM] 134.00-135.00 sec  11.1 MBytes  93.3 Mbits/sec    1             
- - - - - - - - - - - - - - - - - - - - - - - - -
[  5] 135.00-136.00 sec  2.75 MBytes  23.1 Mbits/sec    0    113 KBytes       
[  7] 135.00-136.00 sec  3.00 MBytes  25.2 Mbits/sec    1    102 KBytes       
[  9] 135.00-136.00 sec  3.00 MBytes  25.2 Mbits/sec    1    103 KBytes       
[ 11] 135.00-136.00 sec  2.62 MBytes  22.0 Mbits/sec    1    100 KBytes       
[SUM] 135.00-136.00 sec  11.4 MBytes  95.4 Mbits/sec    3             
- - - - - - - - - - - - - - - - - - - - - - - - -
[  5] 136.00-137.00 sec  3.75 MBytes  31.5 Mbits/sec    1   99.0 KBytes       
[  7] 136.00-137.00 sec  3.00 MBytes  25.2 Mbits/sec    1   87.7 KBytes       
[  9] 136.00-137.00 sec  2.88 MBytes  24.1 Mbits/sec    1   89.1 KBytes       
[ 11] 136.00-137.00 sec  3.00 MBytes  25.2 Mbits/sec    1   84.8 KBytes       
[SUM] 136.00-137.00 sec  12.6 MBytes   106 Mbits/sec    4             
- - - - - - - - - - - - - - - - - - - - - - - - -
[  5] 137.00-138.00 sec  2.75 MBytes  23.1 Mbits/sec    1   83.4 KBytes       
[  7] 137.00-138.00 sec  2.62 MBytes  22.0 Mbits/sec    0    107 KBytes       
[  9] 137.00-138.00 sec  2.62 MBytes  22.0 Mbits/sec    0    109 KBytes       
[ 11] 137.00-138.00 sec  3.00 MBytes  25.2 Mbits/sec    0    106 KBytes       
[SUM] 137.00-138.00 sec  11.0 MBytes  92.3 Mbits/sec    1             
- - - - - - - - - - - - - - - - - - - - - - - - -
[  5] 138.00-139.00 sec  2.88 MBytes  24.1 Mbits/sec    0    105 KBytes       
[  7] 138.00-139.00 sec  3.00 MBytes  25.2 Mbits/sec    1   93.3 KBytes       
[  9] 138.00-139.00 sec  3.00 MBytes  25.2 Mbits/sec    1   94.7 KBytes       
[ 11] 138.00-139.00 sec  2.62 MBytes  22.0 Mbits/sec    1   91.9 KBytes       
[SUM] 138.00-139.00 sec  11.5 MBytes  96.5 Mbits/sec    3             
- - - - - - - - - - - - - - - - - - - - - - - - -
[  5] 139.00-140.00 sec  2.75 MBytes  23.1 Mbits/sec    1   90.5 KBytes       
[  7] 139.00-140.00 sec  2.50 MBytes  21.0 Mbits/sec    0    115 KBytes       
[  9] 139.00-140.00 sec  2.62 MBytes  22.0 Mbits/sec    0    115 KBytes       
[ 11] 139.00-140.00 sec  2.88 MBytes  24.1 Mbits/sec    0    113 KBytes       
[SUM] 139.00-140.00 sec  10.8 MBytes  90.2 Mbits/sec    1             
- - - - - - - - - - - - - - - - - - - - - - - - -
[  5] 140.00-141.00 sec  2.75 MBytes  23.1 Mbits/sec    0    112 KBytes       
[  7] 140.00-141.00 sec  3.00 MBytes  25.2 Mbits/sec    1   99.0 KBytes       
[  9] 140.00-141.00 sec  3.00 MBytes  25.2 Mbits/sec    1    100 KBytes       
[ 11] 140.00-141.00 sec  2.62 MBytes  22.0 Mbits/sec    1   97.6 KBytes       
[SUM] 140.00-141.00 sec  11.4 MBytes  95.5 Mbits/sec    3             
- - - - - - - - - - - - - - - - - - - - - - - - -
[  5] 141.00-142.00 sec  2.88 MBytes  24.1 Mbits/sec    1   96.2 KBytes       
[  7] 141.00-142.00 sec  3.00 MBytes  25.1 Mbits/sec    1   84.8 KBytes       
[  9] 141.00-142.00 sec  3.00 MBytes  25.1 Mbits/sec    1   84.8 KBytes       
[ 11] 141.00-142.00 sec  3.00 MBytes  25.1 Mbits/sec    1   97.6 KBytes       
[SUM] 141.00-142.00 sec  11.9 MBytes  99.5 Mbits/sec    4             
- - - - - - - - - - - - - - - - - - - - - - - - -
[  5] 142.00-143.00 sec  2.75 MBytes  23.1 Mbits/sec    0    117 KBytes       
[  7] 142.00-143.00 sec  2.62 MBytes  22.0 Mbits/sec    0    106 KBytes       
[  9] 142.00-143.00 sec  2.62 MBytes  22.0 Mbits/sec    0    107 KBytes       
[ 11] 142.00-143.00 sec  3.00 MBytes  25.2 Mbits/sec    0    105 KBytes       
[SUM] 142.00-143.00 sec  11.0 MBytes  92.3 Mbits/sec    0             
- - - - - - - - - - - - - - - - - - - - - - - - -
[  5] 143.00-144.00 sec  2.75 MBytes  23.1 Mbits/sec    1    103 KBytes       
[  7] 143.00-144.00 sec  3.00 MBytes  25.2 Mbits/sec    1   90.5 KBytes       
[  9] 143.00-144.00 sec  3.00 MBytes  25.2 Mbits/sec    1   91.9 KBytes       
[ 11] 143.00-144.00 sec  2.62 MBytes  22.0 Mbits/sec    1   89.1 KBytes       
[SUM] 143.00-144.00 sec  11.4 MBytes  95.5 Mbits/sec    4             
- - - - - - - - - - - - - - - - - - - - - - - - -
[  5] 144.00-145.00 sec  2.88 MBytes  24.1 Mbits/sec    1   87.7 KBytes       
[  7] 144.00-145.00 sec  3.00 MBytes  25.1 Mbits/sec    0    112 KBytes       
[  9] 144.00-145.00 sec  2.62 MBytes  22.0 Mbits/sec    0    113 KBytes       
[ 11] 144.00-145.00 sec  3.00 MBytes  25.1 Mbits/sec    0    110 KBytes       
[SUM] 144.00-145.00 sec  11.5 MBytes  96.4 Mbits/sec    1             
- - - - - - - - - - - - - - - - - - - - - - - - -
[  5] 145.00-146.00 sec  2.75 MBytes  23.1 Mbits/sec    0    109 KBytes       
[  7] 145.00-146.00 sec  2.62 MBytes  22.0 Mbits/sec    1   97.6 KBytes       
[  9] 145.00-146.00 sec  3.00 MBytes  25.2 Mbits/sec    1   99.0 KBytes       
[ 11] 145.00-146.00 sec  3.00 MBytes  25.2 Mbits/sec    1   96.2 KBytes       
[SUM] 145.00-146.00 sec  11.4 MBytes  95.4 Mbits/sec    3             
- - - - - - - - - - - - - - - - - - - - - - - - -
[  5] 146.00-147.00 sec  2.88 MBytes  24.1 Mbits/sec    1   94.7 KBytes       
[  7] 146.00-147.00 sec  2.88 MBytes  24.1 Mbits/sec    0    117 KBytes       
[  9] 146.00-147.00 sec  3.00 MBytes  25.2 Mbits/sec    1   82.0 KBytes       
[ 11] 146.00-147.00 sec  2.62 MBytes  22.0 Mbits/sec    0    116 KBytes       
[SUM] 146.00-147.00 sec  11.4 MBytes  95.5 Mbits/sec    2             
- - - - - - - - - - - - - - - - - - - - - - - - -
[  5] 147.00-148.00 sec  2.75 MBytes  23.1 Mbits/sec    0    115 KBytes       
[  7] 147.00-148.00 sec  2.62 MBytes  22.0 Mbits/sec    1    103 KBytes       
[  9] 147.00-148.00 sec  2.50 MBytes  21.0 Mbits/sec    0    105 KBytes       
[ 11] 147.00-148.00 sec  2.88 MBytes  24.1 Mbits/sec    1    102 KBytes       
[SUM] 147.00-148.00 sec  10.8 MBytes  90.1 Mbits/sec    2             
- - - - - - - - - - - - - - - - - - - - - - - - -
[  5] 148.00-149.00 sec  2.75 MBytes  23.1 Mbits/sec    1    100 KBytes       
[  7] 148.00-149.00 sec  3.00 MBytes  25.2 Mbits/sec    1   89.1 KBytes       
[  9] 148.00-149.00 sec  3.00 MBytes  25.2 Mbits/sec    1   90.5 KBytes       
[ 11] 148.00-149.00 sec  2.62 MBytes  22.0 Mbits/sec    1   87.7 KBytes       
[SUM] 148.00-149.00 sec  11.4 MBytes  95.4 Mbits/sec    4             
- - - - - - - - - - - - - - - - - - - - - - - - -
[  5] 149.00-150.00 sec  2.88 MBytes  24.1 Mbits/sec    1   84.8 KBytes       
[  7] 149.00-150.00 sec  3.00 MBytes  25.2 Mbits/sec    0    109 KBytes       
[  9] 149.00-150.00 sec  3.00 MBytes  25.2 Mbits/sec    0    110 KBytes       
[ 11] 149.00-150.00 sec  3.00 MBytes  25.2 Mbits/sec    0    107 KBytes       
[SUM] 149.00-150.00 sec  11.9 MBytes  99.6 Mbits/sec    1             
- - - - - - - - - - - - - - - - - - - - - - - - -
[  5] 150.00-151.00 sec  2.75 MBytes  23.1 Mbits/sec    0    106 KBytes       
[  7] 150.00-151.00 sec  2.62 MBytes  22.0 Mbits/sec    1   94.7 KBytes       
[  9] 150.00-151.00 sec  2.62 MBytes  22.0 Mbits/sec    1   96.2 KBytes       
[ 11] 150.00-151.00 sec  3.00 MBytes  25.2 Mbits/sec    1   93.3 KBytes       
[SUM] 150.00-151.00 sec  11.0 MBytes  92.3 Mbits/sec    3             
- - - - - - - - - - - - - - - - - - - - - - - - -
[  5] 151.00-152.00 sec  2.75 MBytes  23.1 Mbits/sec    1   93.3 KBytes       
[  7] 151.00-152.00 sec  3.00 MBytes  25.2 Mbits/sec    0    116 KBytes       
[  9] 151.00-152.00 sec  3.00 MBytes  25.2 Mbits/sec    0    116 KBytes       
[ 11] 151.00-152.00 sec  2.62 MBytes  22.0 Mbits/sec    0    115 KBytes       
[SUM] 151.00-152.00 sec  11.4 MBytes  95.4 Mbits/sec    1             
- - - - - - - - - - - - - - - - - - - - - - - - -
[  5] 152.00-153.00 sec  2.88 MBytes  24.1 Mbits/sec    0    113 KBytes       
[  7] 152.00-153.00 sec  3.00 MBytes  25.2 Mbits/sec    1    100 KBytes       
[  9] 152.00-153.00 sec  2.62 MBytes  22.0 Mbits/sec    1    102 KBytes       
[ 11] 152.00-153.00 sec  3.00 MBytes  25.2 Mbits/sec    1   99.0 KBytes       
[SUM] 152.00-153.00 sec  11.5 MBytes  96.5 Mbits/sec    3             
- - - - - - - - - - - - - - - - - - - - - - - - -
[  5] 153.00-154.00 sec  2.75 MBytes  23.1 Mbits/sec    1   97.6 KBytes       
[  7] 153.00-154.00 sec  2.62 MBytes  22.0 Mbits/sec    1   86.3 KBytes       
[  9] 153.00-154.00 sec  3.00 MBytes  25.2 Mbits/sec    1   87.7 KBytes       
[ 11] 153.00-154.00 sec  3.00 MBytes  25.2 Mbits/sec    1   84.8 KBytes       
[SUM] 153.00-154.00 sec  11.4 MBytes  95.5 Mbits/sec    4             
- - - - - - - - - - - - - - - - - - - - - - - - -
[  5] 154.00-155.00 sec  2.88 MBytes  24.1 Mbits/sec    1   84.8 KBytes       
[  7] 154.00-155.00 sec  2.88 MBytes  24.1 Mbits/sec    0    107 KBytes       
[  9] 154.00-155.00 sec  3.00 MBytes  25.1 Mbits/sec    0    109 KBytes       
[ 11] 154.00-155.00 sec  2.62 MBytes  22.0 Mbits/sec    0    106 KBytes       
[SUM] 154.00-155.00 sec  11.4 MBytes  95.4 Mbits/sec    1             
- - - - - - - - - - - - - - - - - - - - - - - - -
[  5] 155.00-156.00 sec  2.75 MBytes  23.1 Mbits/sec    0    105 KBytes       
[  7] 155.00-156.00 sec  2.62 MBytes  22.0 Mbits/sec    1   93.3 KBytes       
[  9] 155.00-156.00 sec  2.50 MBytes  21.0 Mbits/sec    1   93.3 KBytes       
[ 11] 155.00-156.00 sec  2.88 MBytes  24.1 Mbits/sec    1   90.5 KBytes       
[SUM] 155.00-156.00 sec  10.8 MBytes  90.2 Mbits/sec    3             
- - - - - - - - - - - - - - - - - - - - - - - - -
[  5] 156.00-157.00 sec  2.88 MBytes  24.1 Mbits/sec    1   89.1 KBytes       
[  7] 156.00-157.00 sec  3.00 MBytes  25.2 Mbits/sec    0    113 KBytes       
[  9] 156.00-157.00 sec  3.00 MBytes  25.2 Mbits/sec    0    115 KBytes       
[ 11] 156.00-157.00 sec  2.62 MBytes  22.0 Mbits/sec    0    112 KBytes       
[SUM] 156.00-157.00 sec  11.5 MBytes  96.5 Mbits/sec    1             
- - - - - - - - - - - - - - - - - - - - - - - - -
[  5] 157.00-158.00 sec  2.88 MBytes  24.1 Mbits/sec    0    110 KBytes       
[  7] 157.00-158.00 sec  3.00 MBytes  25.2 Mbits/sec    1   99.0 KBytes       
[  9] 157.00-158.00 sec  3.00 MBytes  25.2 Mbits/sec    1    100 KBytes       
[ 11] 157.00-158.00 sec  3.00 MBytes  25.2 Mbits/sec    1   97.6 KBytes       
[SUM] 157.00-158.00 sec  11.9 MBytes  99.6 Mbits/sec    3             
- - - - - - - - - - - - - - - - - - - - - - - - -
[  5] 158.00-159.00 sec  2.75 MBytes  23.1 Mbits/sec    1   96.2 KBytes       
[  7] 158.00-159.00 sec  2.62 MBytes  22.0 Mbits/sec    1   82.0 KBytes       
[  9] 158.00-159.00 sec  2.62 MBytes  22.0 Mbits/sec    1   84.8 KBytes       
[ 11] 158.00-159.00 sec  3.00 MBytes  25.2 Mbits/sec    0    117 KBytes       
[SUM] 158.00-159.00 sec  11.0 MBytes  92.3 Mbits/sec    3             
- - - - - - - - - - - - - - - - - - - - - - - - -
[  5] 159.00-160.00 sec  3.75 MBytes  31.5 Mbits/sec    0    116 KBytes       
[  7] 159.00-160.00 sec  3.00 MBytes  25.2 Mbits/sec    0    105 KBytes       
[  9] 159.00-160.00 sec  3.00 MBytes  25.2 Mbits/sec    0    106 KBytes       
[ 11] 159.00-160.00 sec  2.62 MBytes  22.0 Mbits/sec    1    103 KBytes       
[SUM] 159.00-160.00 sec  12.4 MBytes   104 Mbits/sec    1             
- - - - - - - - - - - - - - - - - - - - - - - - -
[  5] 160.00-161.00 sec  2.75 MBytes  23.1 Mbits/sec    1    102 KBytes       
[  7] 160.00-161.00 sec  3.00 MBytes  25.1 Mbits/sec    1   90.5 KBytes       
[  9] 160.00-161.00 sec  2.62 MBytes  22.0 Mbits/sec    1   91.9 KBytes       
[ 11] 160.00-161.00 sec  3.00 MBytes  25.1 Mbits/sec    1   89.1 KBytes       
[SUM] 160.00-161.00 sec  11.4 MBytes  95.4 Mbits/sec    4             
- - - - - - - - - - - - - - - - - - - - - - - - -
[  5] 161.00-162.00 sec  2.88 MBytes  24.1 Mbits/sec    1   87.7 KBytes       
[  7] 161.00-162.00 sec  2.62 MBytes  22.0 Mbits/sec    0    110 KBytes       
[  9] 161.00-162.00 sec  3.00 MBytes  25.2 Mbits/sec    0    112 KBytes       
[ 11] 161.00-162.00 sec  2.62 MBytes  22.0 Mbits/sec    0    110 KBytes       
[SUM] 161.00-162.00 sec  11.1 MBytes  93.3 Mbits/sec    1             
- - - - - - - - - - - - - - - - - - - - - - - - -
[  5] 162.00-163.00 sec  2.75 MBytes  23.1 Mbits/sec    0    107 KBytes       
[  7] 162.00-163.00 sec  2.88 MBytes  24.1 Mbits/sec    1   96.2 KBytes       
[  9] 162.00-163.00 sec  3.00 MBytes  25.2 Mbits/sec    1   97.6 KBytes       
[ 11] 162.00-163.00 sec  2.88 MBytes  24.1 Mbits/sec    1   94.7 KBytes       
[SUM] 162.00-163.00 sec  11.5 MBytes  96.5 Mbits/sec    3             
- - - - - - - - - - - - - - - - - - - - - - - - -
[  5] 163.00-164.00 sec  2.75 MBytes  23.1 Mbits/sec    1   93.3 KBytes       
[  7] 163.00-164.00 sec  2.62 MBytes  22.0 Mbits/sec    0    116 KBytes       
[  9] 163.00-164.00 sec  2.50 MBytes  21.0 Mbits/sec    1    106 KBytes       
[ 11] 163.00-164.00 sec  3.00 MBytes  25.2 Mbits/sec    0    116 KBytes       
[SUM] 163.00-164.00 sec  10.9 MBytes  91.2 Mbits/sec    2             
- - - - - - - - - - - - - - - - - - - - - - - - -
[  5] 164.00-165.00 sec  2.88 MBytes  24.1 Mbits/sec    0    115 KBytes       
[  7] 164.00-165.00 sec  3.00 MBytes  25.2 Mbits/sec    1    102 KBytes       
[  9] 164.00-165.00 sec  3.00 MBytes  25.2 Mbits/sec    0    103 KBytes       
[ 11] 164.00-165.00 sec  2.62 MBytes  22.0 Mbits/sec    1    102 KBytes       
[SUM] 164.00-165.00 sec  11.5 MBytes  96.5 Mbits/sec    2             
- - - - - - - - - - - - - - - - - - - - - - - - -
[  5] 165.00-166.00 sec  2.75 MBytes  23.1 Mbits/sec    1   99.0 KBytes       
[  7] 165.00-166.00 sec  3.00 MBytes  25.2 Mbits/sec    1   87.7 KBytes       
[  9] 165.00-166.00 sec  2.62 MBytes  22.0 Mbits/sec    1   89.1 KBytes       
[ 11] 165.00-166.00 sec  3.00 MBytes  25.2 Mbits/sec    1   86.3 KBytes       
[SUM] 165.00-166.00 sec  11.4 MBytes  95.4 Mbits/sec    4             
- - - - - - - - - - - - - - - - - - - - - - - - -
[  5] 166.00-167.00 sec  2.75 MBytes  23.1 Mbits/sec    1   84.8 KBytes       
[  7] 166.00-167.00 sec  2.62 MBytes  22.0 Mbits/sec    0    109 KBytes       
[  9] 166.00-167.00 sec  3.00 MBytes  25.2 Mbits/sec    0    110 KBytes       
[ 11] 166.00-167.00 sec  3.00 MBytes  25.2 Mbits/sec    0    107 KBytes       
[SUM] 166.00-167.00 sec  11.4 MBytes  95.4 Mbits/sec    1             
- - - - - - - - - - - - - - - - - - - - - - - - -
[  5] 167.00-168.00 sec  2.88 MBytes  24.1 Mbits/sec    0    106 KBytes       
[  7] 167.00-168.00 sec  3.00 MBytes  25.2 Mbits/sec    1   93.3 KBytes       
[  9] 167.00-168.00 sec  3.00 MBytes  25.2 Mbits/sec    1   94.7 KBytes       
[ 11] 167.00-168.00 sec  2.62 MBytes  22.0 Mbits/sec    1   93.3 KBytes       
[SUM] 167.00-168.00 sec  11.5 MBytes  96.5 Mbits/sec    3             
- - - - - - - - - - - - - - - - - - - - - - - - -
[  5] 168.00-169.00 sec  2.75 MBytes  23.1 Mbits/sec    1   90.5 KBytes       
[  7] 168.00-169.00 sec  3.00 MBytes  25.2 Mbits/sec    0    115 KBytes       
[  9] 168.00-169.00 sec  2.62 MBytes  22.0 Mbits/sec    0    116 KBytes       
[ 11] 168.00-169.00 sec  3.00 MBytes  25.2 Mbits/sec    0    113 KBytes       
[SUM] 168.00-169.00 sec  11.4 MBytes  95.5 Mbits/sec    1             
- - - - - - - - - - - - - - - - - - - - - - - - -
[  5] 169.00-170.00 sec  2.88 MBytes  24.1 Mbits/sec    0    112 KBytes       
[  7] 169.00-170.00 sec  2.50 MBytes  21.0 Mbits/sec    1    100 KBytes       
[  9] 169.00-170.00 sec  3.00 MBytes  25.2 Mbits/sec    1    102 KBytes       
[ 11] 169.00-170.00 sec  2.62 MBytes  22.0 Mbits/sec    1   99.0 KBytes       
[SUM] 169.00-170.00 sec  11.0 MBytes  92.2 Mbits/sec    3             
- - - - - - - - - - - - - - - - - - - - - - - - -
[  5] 170.00-171.00 sec  2.75 MBytes  23.1 Mbits/sec    1   97.6 KBytes       
[  7] 170.00-171.00 sec  3.00 MBytes  25.2 Mbits/sec    1   84.8 KBytes       
[  9] 170.00-171.00 sec  2.88 MBytes  24.1 Mbits/sec    1   86.3 KBytes       
[ 11] 170.00-171.00 sec  3.00 MBytes  25.2 Mbits/sec    1   83.4 KBytes       
[SUM] 170.00-171.00 sec  11.6 MBytes  97.5 Mbits/sec    4             
- - - - - - - - - - - - - - - - - - - - - - - - -
[  5] 171.00-172.00 sec  2.75 MBytes  23.1 Mbits/sec    0    117 KBytes       
[  7] 171.00-172.00 sec  2.62 MBytes  22.0 Mbits/sec    0    106 KBytes       
[  9] 171.00-172.00 sec  2.62 MBytes  22.0 Mbits/sec    0    107 KBytes       
[ 11] 171.00-172.00 sec  3.00 MBytes  25.2 Mbits/sec    0    105 KBytes       
[SUM] 171.00-172.00 sec  11.0 MBytes  92.3 Mbits/sec    0             
- - - - - - - - - - - - - - - - - - - - - - - - -
[  5] 172.00-173.00 sec  2.88 MBytes  24.1 Mbits/sec    1    103 KBytes       
[  7] 172.00-173.00 sec  3.00 MBytes  25.2 Mbits/sec    1   91.9 KBytes       
[  9] 172.00-173.00 sec  3.00 MBytes  25.2 Mbits/sec    1   93.3 KBytes       
[ 11] 172.00-173.00 sec  2.62 MBytes  22.0 Mbits/sec    1   90.5 KBytes       
[SUM] 172.00-173.00 sec  11.5 MBytes  96.4 Mbits/sec    4             
- - - - - - - - - - - - - - - - - - - - - - - - -
[  5] 173.00-174.00 sec  2.75 MBytes  23.1 Mbits/sec    1   89.1 KBytes       
[  7] 173.00-174.00 sec  3.00 MBytes  25.2 Mbits/sec    0    113 KBytes       
[  9] 173.00-174.00 sec  2.62 MBytes  22.0 Mbits/sec    0    113 KBytes       
[ 11] 173.00-174.00 sec  3.00 MBytes  25.2 Mbits/sec    0    112 KBytes       
[SUM] 173.00-174.00 sec  11.4 MBytes  95.4 Mbits/sec    1             
- - - - - - - - - - - - - - - - - - - - - - - - -
[  5] 174.00-175.00 sec  2.75 MBytes  23.1 Mbits/sec    0    109 KBytes       
[  7] 174.00-175.00 sec  2.62 MBytes  22.0 Mbits/sec    1   97.6 KBytes       
[  9] 174.00-175.00 sec  3.00 MBytes  25.2 Mbits/sec    1   99.0 KBytes       
[ 11] 174.00-175.00 sec  2.50 MBytes  21.0 Mbits/sec    1   96.2 KBytes       
[SUM] 174.00-175.00 sec  10.9 MBytes  91.2 Mbits/sec    3             
- - - - - - - - - - - - - - - - - - - - - - - - -
[  5] 175.00-176.00 sec  2.88 MBytes  24.1 Mbits/sec    1   94.7 KBytes       
[  7] 175.00-176.00 sec  3.00 MBytes  25.2 Mbits/sec    1   99.0 KBytes       
[  9] 175.00-176.00 sec  3.00 MBytes  25.2 Mbits/sec    1   83.4 KBytes       
[ 11] 175.00-176.00 sec  3.00 MBytes  25.2 Mbits/sec    0    117 KBytes       
[SUM] 175.00-176.00 sec  11.9 MBytes  99.7 Mbits/sec    3             
- - - - - - - - - - - - - - - - - - - - - - - - -
[  5] 176.00-177.00 sec  2.75 MBytes  23.1 Mbits/sec    0    115 KBytes       
[  7] 176.00-177.00 sec  3.00 MBytes  25.1 Mbits/sec    0    105 KBytes       
[  9] 176.00-177.00 sec  2.62 MBytes  22.0 Mbits/sec    0    105 KBytes       
[ 11] 176.00-177.00 sec  3.00 MBytes  25.1 Mbits/sec    1    103 KBytes       
[SUM] 176.00-177.00 sec  11.4 MBytes  95.3 Mbits/sec    1             
- - - - - - - - - - - - - - - - - - - - - - - - -
[  5] 177.00-178.00 sec  2.75 MBytes  23.1 Mbits/sec    1    100 KBytes       
[  7] 177.00-178.00 sec  2.50 MBytes  21.0 Mbits/sec    1   89.1 KBytes       
[  9] 177.00-178.00 sec  3.00 MBytes  25.2 Mbits/sec    1   90.5 KBytes       
[ 11] 177.00-178.00 sec  2.62 MBytes  22.0 Mbits/sec    1   87.7 KBytes       
[SUM] 177.00-178.00 sec  10.9 MBytes  91.2 Mbits/sec    4             
- - - - - - - - - - - - - - - - - - - - - - - - -
[  5] 178.00-179.00 sec  2.88 MBytes  24.1 Mbits/sec    1   86.3 KBytes       
[  7] 178.00-179.00 sec  3.00 MBytes  25.2 Mbits/sec    0    110 KBytes       
[  9] 178.00-179.00 sec  2.88 MBytes  24.1 Mbits/sec    0    112 KBytes       
[ 11] 178.00-179.00 sec  3.00 MBytes  25.2 Mbits/sec    0    109 KBytes       
[SUM] 178.00-179.00 sec  11.8 MBytes  98.6 Mbits/sec    1             
- - - - - - - - - - - - - - - - - - - - - - - - -
[  5] 179.00-180.00 sec  3.75 MBytes  31.5 Mbits/sec    0    107 KBytes       
[  7] 179.00-180.00 sec  2.62 MBytes  22.0 Mbits/sec    1   96.2 KBytes       
[  9] 179.00-180.00 sec  2.62 MBytes  22.0 Mbits/sec    1   96.2 KBytes       
[ 11] 179.00-180.00 sec  3.00 MBytes  25.2 Mbits/sec    1   94.7 KBytes       
[SUM] 179.00-180.00 sec  12.0 MBytes   101 Mbits/sec    3             
- - - - - - - - - - - - - - - - - - - - - - - - -
[  5] 180.00-181.00 sec  2.75 MBytes  23.1 Mbits/sec    1   91.9 KBytes       
[  7] 180.00-181.00 sec  3.00 MBytes  25.2 Mbits/sec    0    116 KBytes       
[  9] 180.00-181.00 sec  3.00 MBytes  25.2 Mbits/sec    0    117 KBytes       
[ 11] 180.00-181.00 sec  2.62 MBytes  22.0 Mbits/sec    0    115 KBytes       
[SUM] 180.00-181.00 sec  11.4 MBytes  95.4 Mbits/sec    1             
- - - - - - - - - - - - - - - - - - - - - - - - -
[  5] 181.00-182.00 sec  2.75 MBytes  23.1 Mbits/sec    0    113 KBytes       
[  7] 181.00-182.00 sec  3.00 MBytes  25.2 Mbits/sec    1    102 KBytes       
[  9] 181.00-182.00 sec  2.62 MBytes  22.0 Mbits/sec    1    103 KBytes       
[ 11] 181.00-182.00 sec  2.88 MBytes  24.1 Mbits/sec    1    100 KBytes       
[SUM] 181.00-182.00 sec  11.2 MBytes  94.4 Mbits/sec    3             
- - - - - - - - - - - - - - - - - - - - - - - - -
[  5] 182.00-183.00 sec  2.88 MBytes  24.1 Mbits/sec    1   99.0 KBytes       
[  7] 182.00-183.00 sec  2.62 MBytes  22.0 Mbits/sec    1   86.3 KBytes       
[  9] 182.00-183.00 sec  3.00 MBytes  25.2 Mbits/sec    1   87.7 KBytes       
[ 11] 182.00-183.00 sec  2.62 MBytes  22.0 Mbits/sec    1   84.8 KBytes       
[SUM] 182.00-183.00 sec  11.1 MBytes  93.3 Mbits/sec    4             
- - - - - - - - - - - - - - - - - - - - - - - - -
[  5] 183.00-184.00 sec  2.75 MBytes  23.1 Mbits/sec    1   82.0 KBytes       
[  7] 183.00-184.00 sec  3.00 MBytes  25.2 Mbits/sec    0    107 KBytes       
[  9] 183.00-184.00 sec  3.00 MBytes  25.2 Mbits/sec    0    109 KBytes       
[ 11] 183.00-184.00 sec  3.00 MBytes  25.2 Mbits/sec    0    107 KBytes       
[SUM] 183.00-184.00 sec  11.8 MBytes  98.6 Mbits/sec    1             
- - - - - - - - - - - - - - - - - - - - - - - - -
[  5] 184.00-185.00 sec  2.88 MBytes  24.1 Mbits/sec    0    105 KBytes       
[  7] 184.00-185.00 sec  3.00 MBytes  25.2 Mbits/sec    1   93.3 KBytes       
[  9] 184.00-185.00 sec  2.62 MBytes  22.0 Mbits/sec    1   94.7 KBytes       
[ 11] 184.00-185.00 sec  3.00 MBytes  25.2 Mbits/sec    1   91.9 KBytes       
[SUM] 184.00-185.00 sec  11.5 MBytes  96.5 Mbits/sec    3             
- - - - - - - - - - - - - - - - - - - - - - - - -
[  5] 185.00-186.00 sec  2.75 MBytes  23.1 Mbits/sec    1   90.5 KBytes       
[  7] 185.00-186.00 sec  2.50 MBytes  21.0 Mbits/sec    0    115 KBytes       
[  9] 185.00-186.00 sec  3.00 MBytes  25.2 Mbits/sec    0    115 KBytes       
[ 11] 185.00-186.00 sec  2.62 MBytes  22.0 Mbits/sec    0    113 KBytes       
[SUM] 185.00-186.00 sec  10.9 MBytes  91.2 Mbits/sec    1             
- - - - - - - - - - - - - - - - - - - - - - - - -
[  5] 186.00-187.00 sec  2.75 MBytes  23.1 Mbits/sec    0    110 KBytes       
[  7] 186.00-187.00 sec  3.00 MBytes  25.2 Mbits/sec    1   99.0 KBytes       
[  9] 186.00-187.00 sec  2.88 MBytes  24.1 Mbits/sec    1    100 KBytes       
[ 11] 186.00-187.00 sec  3.00 MBytes  25.2 Mbits/sec    1   99.0 KBytes       
[SUM] 186.00-187.00 sec  11.6 MBytes  97.6 Mbits/sec    3             
- - - - - - - - - - - - - - - - - - - - - - - - -
[  5] 187.00-188.00 sec  2.88 MBytes  24.1 Mbits/sec    1   96.2 KBytes       
[  7] 187.00-188.00 sec  2.62 MBytes  22.0 Mbits/sec    1   83.4 KBytes       
[  9] 187.00-188.00 sec  2.62 MBytes  22.0 Mbits/sec    1   84.8 KBytes       
[ 11] 187.00-188.00 sec  3.00 MBytes  25.2 Mbits/sec    1   82.0 KBytes       
[SUM] 187.00-188.00 sec  11.1 MBytes  93.4 Mbits/sec    4             
- - - - - - - - - - - - - - - - - - - - - - - - -
[  5] 188.00-189.00 sec  2.75 MBytes  23.0 Mbits/sec    0    116 KBytes       
[  7] 188.00-189.00 sec  3.00 MBytes  25.1 Mbits/sec    0    106 KBytes       
[  9] 188.00-189.00 sec  3.00 MBytes  25.1 Mbits/sec    0    107 KBytes       
[ 11] 188.00-189.00 sec  2.62 MBytes  22.0 Mbits/sec    0    105 KBytes       
[SUM] 188.00-189.00 sec  11.4 MBytes  95.3 Mbits/sec    0             
- - - - - - - - - - - - - - - - - - - - - - - - -
[  5] 189.00-190.00 sec  2.75 MBytes  23.1 Mbits/sec    1    102 KBytes       
[  7] 189.00-190.00 sec  3.00 MBytes  25.2 Mbits/sec    1   90.5 KBytes       
[  9] 189.00-190.00 sec  2.62 MBytes  22.0 Mbits/sec    1   91.9 KBytes       
[ 11] 189.00-190.00 sec  2.88 MBytes  24.1 Mbits/sec    1   90.5 KBytes       
[SUM] 189.00-190.00 sec  11.2 MBytes  94.4 Mbits/sec    4             
- - - - - - - - - - - - - - - - - - - - - - - - -
[  5] 190.00-191.00 sec  2.88 MBytes  24.1 Mbits/sec    1   87.7 KBytes       
[  7] 190.00-191.00 sec  2.62 MBytes  22.0 Mbits/sec    0    112 KBytes       
[  9] 190.00-191.00 sec  3.00 MBytes  25.2 Mbits/sec    0    113 KBytes       
[ 11] 190.00-191.00 sec  2.62 MBytes  22.0 Mbits/sec    0    110 KBytes       
[SUM] 190.00-191.00 sec  11.1 MBytes  93.3 Mbits/sec    1             
- - - - - - - - - - - - - - - - - - - - - - - - -
[  5] 191.00-192.00 sec  2.75 MBytes  23.1 Mbits/sec    0    109 KBytes       
[  7] 191.00-192.00 sec  3.00 MBytes  25.2 Mbits/sec    1   97.6 KBytes       
[  9] 191.00-192.00 sec  3.00 MBytes  25.2 Mbits/sec    1   99.0 KBytes       
[ 11] 191.00-192.00 sec  3.00 MBytes  25.2 Mbits/sec    1   96.2 KBytes       
[SUM] 191.00-192.00 sec  11.8 MBytes  98.6 Mbits/sec    3             
- - - - - - - - - - - - - - - - - - - - - - - - -
[  5] 192.00-193.00 sec  2.88 MBytes  24.1 Mbits/sec    1   93.3 KBytes       
[  7] 192.00-193.00 sec  2.88 MBytes  24.1 Mbits/sec    0    117 KBytes       
[  9] 192.00-193.00 sec  2.62 MBytes  22.0 Mbits/sec    1   82.0 KBytes       
[ 11] 192.00-193.00 sec  3.00 MBytes  25.2 Mbits/sec    0    116 KBytes       
[SUM] 192.00-193.00 sec  11.4 MBytes  95.4 Mbits/sec    2             
- - - - - - - - - - - - - - - - - - - - - - - - -
[  5] 193.00-194.00 sec  2.75 MBytes  23.1 Mbits/sec    0    115 KBytes       
[  7] 193.00-194.00 sec  2.62 MBytes  22.0 Mbits/sec    1    103 KBytes       
[  9] 193.00-194.00 sec  2.88 MBytes  24.1 Mbits/sec    0    105 KBytes       
[ 11] 193.00-194.00 sec  2.62 MBytes  22.0 Mbits/sec    1    102 KBytes       
[SUM] 193.00-194.00 sec  10.9 MBytes  91.2 Mbits/sec    2             
- - - - - - - - - - - - - - - - - - - - - - - - -
[  5] 194.00-195.00 sec  2.75 MBytes  23.1 Mbits/sec    1    100 KBytes       
[  7] 194.00-195.00 sec  3.00 MBytes  25.2 Mbits/sec    1   89.1 KBytes       
[  9] 194.00-195.00 sec  3.00 MBytes  25.2 Mbits/sec    1   90.5 KBytes       
[ 11] 194.00-195.00 sec  3.00 MBytes  25.2 Mbits/sec    1   87.7 KBytes       
[SUM] 194.00-195.00 sec  11.8 MBytes  98.6 Mbits/sec    4             
- - - - - - - - - - - - - - - - - - - - - - - - -
[  5] 195.00-196.00 sec  2.88 MBytes  24.1 Mbits/sec    1   84.8 KBytes       
[  7] 195.00-196.00 sec  2.62 MBytes  22.0 Mbits/sec    0    109 KBytes       
[  9] 195.00-196.00 sec  2.62 MBytes  22.0 Mbits/sec    0    110 KBytes       
[ 11] 195.00-196.00 sec  3.00 MBytes  25.2 Mbits/sec    0    109 KBytes       
[SUM] 195.00-196.00 sec  11.1 MBytes  93.3 Mbits/sec    1             
- - - - - - - - - - - - - - - - - - - - - - - - -
[  5] 196.00-197.00 sec  2.75 MBytes  23.1 Mbits/sec    0    106 KBytes       
[  7] 196.00-197.00 sec  3.00 MBytes  25.2 Mbits/sec    1   94.7 KBytes       
[  9] 196.00-197.00 sec  3.00 MBytes  25.2 Mbits/sec    1   96.2 KBytes       
[ 11] 196.00-197.00 sec  2.62 MBytes  22.0 Mbits/sec    1   93.3 KBytes       
[SUM] 196.00-197.00 sec  11.4 MBytes  95.4 Mbits/sec    3             
- - - - - - - - - - - - - - - - - - - - - - - - -
[  5] 197.00-198.00 sec  2.75 MBytes  23.1 Mbits/sec    1   91.9 KBytes       
[  7] 197.00-198.00 sec  3.00 MBytes  25.2 Mbits/sec    0    115 KBytes       
[  9] 197.00-198.00 sec  2.62 MBytes  22.0 Mbits/sec    0    116 KBytes       
[ 11] 197.00-198.00 sec  2.88 MBytes  24.1 Mbits/sec    0    115 KBytes       
[SUM] 197.00-198.00 sec  11.2 MBytes  94.4 Mbits/sec    1             
- - - - - - - - - - - - - - - - - - - - - - - - -
[  5] 198.00-199.00 sec  2.88 MBytes  24.1 Mbits/sec    0    113 KBytes       
[  7] 198.00-199.00 sec  2.62 MBytes  22.0 Mbits/sec    1    100 KBytes       
[  9] 198.00-199.00 sec  3.00 MBytes  25.2 Mbits/sec    1    102 KBytes       
[ 11] 198.00-199.00 sec  2.62 MBytes  22.0 Mbits/sec    1    100 KBytes       
[SUM] 198.00-199.00 sec  11.1 MBytes  93.3 Mbits/sec    3             
- - - - - - - - - - - - - - - - - - - - - - - - -
[  5] 199.00-200.00 sec  3.12 MBytes  26.2 Mbits/sec    1   97.6 KBytes       
[  7] 199.00-200.00 sec  3.00 MBytes  25.2 Mbits/sec    1   84.8 KBytes       
[  9] 199.00-200.00 sec  3.00 MBytes  25.2 Mbits/sec    1   87.7 KBytes       
[ 11] 199.00-200.00 sec  3.00 MBytes  25.2 Mbits/sec    1   84.8 KBytes       
[SUM] 199.00-200.00 sec  12.1 MBytes   102 Mbits/sec    4             
- - - - - - - - - - - - - - - - - - - - - - - - -
[  5] 200.00-201.00 sec  1.75 MBytes  14.7 Mbits/sec    1   93.3 KBytes       
[  7] 200.00-201.00 sec  2.50 MBytes  21.0 Mbits/sec    0    107 KBytes       
[  9] 200.00-201.00 sec  2.62 MBytes  22.0 Mbits/sec    0    109 KBytes       
[ 11] 200.00-201.00 sec  3.00 MBytes  25.2 Mbits/sec    0    106 KBytes       
[SUM] 200.00-201.00 sec  9.88 MBytes  82.8 Mbits/sec    1             
- - - - - - - - - - - - - - - - - - - - - - - - -
[  5] 201.00-202.00 sec  3.88 MBytes  32.5 Mbits/sec    0    105 KBytes       
[  7] 201.00-202.00 sec  3.00 MBytes  25.2 Mbits/sec    1   91.9 KBytes       
[  9] 201.00-202.00 sec  2.88 MBytes  24.1 Mbits/sec    1   93.3 KBytes       
[ 11] 201.00-202.00 sec  2.62 MBytes  22.0 Mbits/sec    1   91.9 KBytes       
[SUM] 201.00-202.00 sec  12.4 MBytes   104 Mbits/sec    3             
- - - - - - - - - - - - - - - - - - - - - - - - -
[  5] 202.00-203.00 sec  2.75 MBytes  23.1 Mbits/sec    1   89.1 KBytes       
[  7] 202.00-203.00 sec  3.00 MBytes  25.2 Mbits/sec    0    113 KBytes       
[  9] 202.00-203.00 sec  3.00 MBytes  25.2 Mbits/sec    0    115 KBytes       
[ 11] 202.00-203.00 sec  3.00 MBytes  25.2 Mbits/sec    0    112 KBytes       
[SUM] 202.00-203.00 sec  11.8 MBytes  98.6 Mbits/sec    1             
- - - - - - - - - - - - - - - - - - - - - - - - -
[  5] 203.00-204.00 sec  2.88 MBytes  24.1 Mbits/sec    0    110 KBytes       
[  7] 203.00-204.00 sec  2.62 MBytes  22.0 Mbits/sec    1   99.0 KBytes       
[  9] 203.00-204.00 sec  2.62 MBytes  22.0 Mbits/sec    1    100 KBytes       
[ 11] 203.00-204.00 sec  3.00 MBytes  25.2 Mbits/sec    1   97.6 KBytes       
[SUM] 203.00-204.00 sec  11.1 MBytes  93.3 Mbits/sec    3             
- - - - - - - - - - - - - - - - - - - - - - - - -
[  5] 204.00-205.00 sec  2.75 MBytes  23.1 Mbits/sec    1   96.2 KBytes       
[  7] 204.00-205.00 sec  3.00 MBytes  25.2 Mbits/sec    1   82.0 KBytes       
[  9] 204.00-205.00 sec  3.00 MBytes  25.2 Mbits/sec    1   84.8 KBytes       
[ 11] 204.00-205.00 sec  2.50 MBytes  21.0 Mbits/sec    1    103 KBytes       
[SUM] 204.00-205.00 sec  11.2 MBytes  94.4 Mbits/sec    4             
- - - - - - - - - - - - - - - - - - - - - - - - -
[  5] 205.00-206.00 sec  2.75 MBytes  23.1 Mbits/sec    0    116 KBytes       
[  7] 205.00-206.00 sec  3.00 MBytes  25.2 Mbits/sec    0    105 KBytes       
[  9] 205.00-206.00 sec  2.62 MBytes  22.0 Mbits/sec    0    106 KBytes       
[ 11] 205.00-206.00 sec  3.00 MBytes  25.2 Mbits/sec    0    103 KBytes       
[SUM] 205.00-206.00 sec  11.4 MBytes  95.4 Mbits/sec    0             
- - - - - - - - - - - - - - - - - - - - - - - - -
[  5] 206.00-207.00 sec  2.88 MBytes  24.1 Mbits/sec    1    102 KBytes       
[  7] 206.00-207.00 sec  2.62 MBytes  22.0 Mbits/sec    1   90.5 KBytes       
[  9] 206.00-207.00 sec  3.00 MBytes  25.2 Mbits/sec    1   91.9 KBytes       
[ 11] 206.00-207.00 sec  2.62 MBytes  22.0 Mbits/sec    1   89.1 KBytes       
[SUM] 206.00-207.00 sec  11.1 MBytes  93.3 Mbits/sec    4             
- - - - - - - - - - - - - - - - - - - - - - - - -
[  5] 207.00-208.00 sec  2.75 MBytes  23.1 Mbits/sec    1   87.7 KBytes       
[  7] 207.00-208.00 sec  2.88 MBytes  24.1 Mbits/sec    0    110 KBytes       
[  9] 207.00-208.00 sec  3.00 MBytes  25.2 Mbits/sec    0    113 KBytes       
[ 11] 207.00-208.00 sec  3.00 MBytes  25.2 Mbits/sec    0    110 KBytes       
[SUM] 207.00-208.00 sec  11.6 MBytes  97.5 Mbits/sec    1             
- - - - - - - - - - - - - - - - - - - - - - - - -
[  5] 208.00-209.00 sec  2.75 MBytes  23.1 Mbits/sec    0    107 KBytes       
[  7] 208.00-209.00 sec  2.62 MBytes  22.0 Mbits/sec    1   96.2 KBytes       
[  9] 208.00-209.00 sec  2.50 MBytes  21.0 Mbits/sec    1   97.6 KBytes       
[ 11] 208.00-209.00 sec  3.00 MBytes  25.2 Mbits/sec    1   94.7 KBytes       
[SUM] 208.00-209.00 sec  10.9 MBytes  91.2 Mbits/sec    3             
- - - - - - - - - - - - - - - - - - - - - - - - -
[  5] 209.00-210.00 sec  2.88 MBytes  24.1 Mbits/sec    1   93.3 KBytes       
[  7] 209.00-210.00 sec  3.00 MBytes  25.2 Mbits/sec    0    116 KBytes       
[  9] 209.00-210.00 sec  3.00 MBytes  25.2 Mbits/sec    1    100 KBytes       
[ 11] 209.00-210.00 sec  2.62 MBytes  22.0 Mbits/sec    0    116 KBytes       
[SUM] 209.00-210.00 sec  11.5 MBytes  96.6 Mbits/sec    2             
- - - - - - - - - - - - - - - - - - - - - - - - -
[  5] 210.00-211.00 sec  2.75 MBytes  23.1 Mbits/sec    0    115 KBytes       
[  7] 210.00-211.00 sec  3.00 MBytes  25.2 Mbits/sec    1    102 KBytes       
[  9] 210.00-211.00 sec  3.00 MBytes  25.2 Mbits/sec    0    103 KBytes       
[ 11] 210.00-211.00 sec  3.00 MBytes  25.2 Mbits/sec    1    102 KBytes       
[SUM] 210.00-211.00 sec  11.8 MBytes  98.5 Mbits/sec    2             
- - - - - - - - - - - - - - - - - - - - - - - - -
[  5] 211.00-212.00 sec  2.88 MBytes  24.1 Mbits/sec    1   99.0 KBytes       
[  7] 211.00-212.00 sec  2.62 MBytes  22.0 Mbits/sec    1   87.7 KBytes       
[  9] 211.00-212.00 sec  2.62 MBytes  22.0 Mbits/sec    1   89.1 KBytes       
[ 11] 211.00-212.00 sec  3.00 MBytes  25.2 Mbits/sec    1   86.3 KBytes       
[SUM] 211.00-212.00 sec  11.1 MBytes  93.3 Mbits/sec    4             
- - - - - - - - - - - - - - - - - - - - - - - - -
[  5] 212.00-213.00 sec  2.75 MBytes  23.1 Mbits/sec    1   83.4 KBytes       
[  7] 212.00-213.00 sec  3.00 MBytes  25.2 Mbits/sec    0    109 KBytes       
[  9] 212.00-213.00 sec  3.00 MBytes  25.2 Mbits/sec    0    110 KBytes       
[ 11] 212.00-213.00 sec  2.50 MBytes  21.0 Mbits/sec    0    107 KBytes       
[SUM] 212.00-213.00 sec  11.2 MBytes  94.3 Mbits/sec    1             
- - - - - - - - - - - - - - - - - - - - - - - - -
[  5] 213.00-214.00 sec  2.75 MBytes  23.1 Mbits/sec    0    106 KBytes       
[  7] 213.00-214.00 sec  3.00 MBytes  25.2 Mbits/sec    1   93.3 KBytes       
[  9] 213.00-214.00 sec  2.62 MBytes  22.0 Mbits/sec    1   96.2 KBytes       
[ 11] 213.00-214.00 sec  3.00 MBytes  25.2 Mbits/sec    1   93.3 KBytes       
[SUM] 213.00-214.00 sec  11.4 MBytes  95.4 Mbits/sec    3             
- - - - - - - - - - - - - - - - - - - - - - - - -
[  5] 214.00-215.00 sec  2.88 MBytes  24.1 Mbits/sec    1   90.5 KBytes       
[  7] 214.00-215.00 sec  2.62 MBytes  22.0 Mbits/sec    0    115 KBytes       
[  9] 214.00-215.00 sec  3.00 MBytes  25.2 Mbits/sec    0    116 KBytes       
[ 11] 214.00-215.00 sec  2.62 MBytes  22.0 Mbits/sec    0    115 KBytes       
[SUM] 214.00-215.00 sec  11.1 MBytes  93.3 Mbits/sec    1             
- - - - - - - - - - - - - - - - - - - - - - - - -
[  5] 215.00-216.00 sec  2.75 MBytes  23.1 Mbits/sec    0    112 KBytes       
[  7] 215.00-216.00 sec  2.88 MBytes  24.1 Mbits/sec    1    100 KBytes       
[  9] 215.00-216.00 sec  3.00 MBytes  25.2 Mbits/sec    1    102 KBytes       
[ 11] 215.00-216.00 sec  3.00 MBytes  25.2 Mbits/sec    1   99.0 KBytes       
[SUM] 215.00-216.00 sec  11.6 MBytes  97.5 Mbits/sec    3             
- - - - - - - - - - - - - - - - - - - - - - - - -
[  5] 216.00-217.00 sec  2.75 MBytes  23.1 Mbits/sec    1   97.6 KBytes       
[  7] 216.00-217.00 sec  2.62 MBytes  22.0 Mbits/sec    1   84.8 KBytes       
[  9] 216.00-217.00 sec  2.50 MBytes  21.0 Mbits/sec    1   87.7 KBytes       
[ 11] 216.00-217.00 sec  3.00 MBytes  25.2 Mbits/sec    1   83.4 KBytes       
[SUM] 216.00-217.00 sec  10.9 MBytes  91.2 Mbits/sec    4             
- - - - - - - - - - - - - - - - - - - - - - - - -
[  5] 217.00-218.00 sec  2.88 MBytes  24.1 Mbits/sec    0    117 KBytes       
[  7] 217.00-218.00 sec  3.00 MBytes  25.2 Mbits/sec    0    106 KBytes       
[  9] 217.00-218.00 sec  3.00 MBytes  25.2 Mbits/sec    0    107 KBytes       
[ 11] 217.00-218.00 sec  2.62 MBytes  22.0 Mbits/sec    0    106 KBytes       
[SUM] 217.00-218.00 sec  11.5 MBytes  96.5 Mbits/sec    0             
- - - - - - - - - - - - - - - - - - - - - - - - -
[  5] 218.00-219.00 sec  2.75 MBytes  23.1 Mbits/sec    1    103 KBytes       
[  7] 218.00-219.00 sec  3.00 MBytes  25.2 Mbits/sec    1   91.9 KBytes       
[  9] 218.00-219.00 sec  3.00 MBytes  25.2 Mbits/sec    1   93.3 KBytes       
[ 11] 218.00-219.00 sec  3.00 MBytes  25.2 Mbits/sec    1   90.5 KBytes       
[SUM] 218.00-219.00 sec  11.8 MBytes  98.6 Mbits/sec    4             
- - - - - - - - - - - - - - - - - - - - - - - - -
[  5] 219.00-220.00 sec  2.75 MBytes  23.1 Mbits/sec    1   89.1 KBytes       
[  7] 219.00-220.00 sec  2.62 MBytes  22.0 Mbits/sec    0    112 KBytes       
[  9] 219.00-220.00 sec  2.62 MBytes  22.0 Mbits/sec    0    115 KBytes       
[ 11] 219.00-220.00 sec  2.50 MBytes  21.0 Mbits/sec    0    112 KBytes       
[SUM] 219.00-220.00 sec  10.5 MBytes  88.0 Mbits/sec    1             
- - - - - - - - - - - - - - - - - - - - - - - - -
[  5] 220.00-221.00 sec  2.88 MBytes  24.1 Mbits/sec    0    109 KBytes       
[  7] 220.00-221.00 sec  3.00 MBytes  25.2 Mbits/sec    1   97.6 KBytes       
[  9] 220.00-221.00 sec  3.00 MBytes  25.2 Mbits/sec    1   99.0 KBytes       
[ 11] 220.00-221.00 sec  3.00 MBytes  25.2 Mbits/sec    1   97.6 KBytes       
[SUM] 220.00-221.00 sec  11.9 MBytes  99.6 Mbits/sec    3             
- - - - - - - - - - - - - - - - - - - - - - - - -
[  5] 221.00-222.00 sec  3.75 MBytes  31.5 Mbits/sec    1   94.7 KBytes       
[  7] 221.00-222.00 sec  3.00 MBytes  25.2 Mbits/sec    1    107 KBytes       
[  9] 221.00-222.00 sec  2.62 MBytes  22.0 Mbits/sec    1   83.4 KBytes       
[ 11] 221.00-222.00 sec  3.00 MBytes  25.2 Mbits/sec    0    117 KBytes       
[SUM] 221.00-222.00 sec  12.4 MBytes   104 Mbits/sec    3             
- - - - - - - - - - - - - - - - - - - - - - - - -
[  5] 222.00-223.00 sec  2.75 MBytes  23.1 Mbits/sec    0    116 KBytes       
[  7] 222.00-223.00 sec  2.62 MBytes  22.0 Mbits/sec    0    103 KBytes       
[  9] 222.00-223.00 sec  3.00 MBytes  25.1 Mbits/sec    0    106 KBytes       
[ 11] 222.00-223.00 sec  2.62 MBytes  22.0 Mbits/sec    1    103 KBytes       
[SUM] 222.00-223.00 sec  11.0 MBytes  92.2 Mbits/sec    1             
- - - - - - - - - - - - - - - - - - - - - - - - -
[  5] 223.00-224.00 sec  2.75 MBytes  23.1 Mbits/sec    1    100 KBytes       
[  7] 223.00-224.00 sec  3.00 MBytes  25.2 Mbits/sec    1   89.1 KBytes       
[  9] 223.00-224.00 sec  3.00 MBytes  25.2 Mbits/sec    1   90.5 KBytes       
[ 11] 223.00-224.00 sec  3.00 MBytes  25.2 Mbits/sec    1   89.1 KBytes       
[SUM] 223.00-224.00 sec  11.8 MBytes  98.6 Mbits/sec    4             
- - - - - - - - - - - - - - - - - - - - - - - - -
[  5] 224.00-225.00 sec  2.88 MBytes  24.1 Mbits/sec    1   86.3 KBytes       
[  7] 224.00-225.00 sec  2.62 MBytes  22.0 Mbits/sec    0    110 KBytes       
[  9] 224.00-225.00 sec  2.50 MBytes  21.0 Mbits/sec    0    112 KBytes       
[ 11] 224.00-225.00 sec  3.00 MBytes  25.1 Mbits/sec    0    109 KBytes       
[SUM] 224.00-225.00 sec  11.0 MBytes  92.2 Mbits/sec    1             
- - - - - - - - - - - - - - - - - - - - - - - - -
[  5] 225.00-226.00 sec  2.75 MBytes  23.1 Mbits/sec    0    107 KBytes       
[  7] 225.00-226.00 sec  3.00 MBytes  25.2 Mbits/sec    1   94.7 KBytes       
[  9] 225.00-226.00 sec  3.00 MBytes  25.2 Mbits/sec    1   97.6 KBytes       
[ 11] 225.00-226.00 sec  2.62 MBytes  22.0 Mbits/sec    1   94.7 KBytes       
[SUM] 225.00-226.00 sec  11.4 MBytes  95.4 Mbits/sec    3             
- - - - - - - - - - - - - - - - - - - - - - - - -
[  5] 226.00-227.00 sec  2.88 MBytes  24.1 Mbits/sec    1   91.9 KBytes       
[  7] 226.00-227.00 sec  2.88 MBytes  24.1 Mbits/sec    0    116 KBytes       
[  9] 226.00-227.00 sec  2.62 MBytes  22.0 Mbits/sec    0    117 KBytes       
[ 11] 226.00-227.00 sec  3.00 MBytes  25.2 Mbits/sec    0    116 KBytes       
[SUM] 226.00-227.00 sec  11.4 MBytes  95.4 Mbits/sec    1             
- - - - - - - - - - - - - - - - - - - - - - - - -
[  5] 227.00-228.00 sec  2.75 MBytes  23.1 Mbits/sec    0    113 KBytes       
[  7] 227.00-228.00 sec  2.62 MBytes  22.0 Mbits/sec    1    102 KBytes       
[  9] 227.00-228.00 sec  3.00 MBytes  25.2 Mbits/sec    1    103 KBytes       
[ 11] 227.00-228.00 sec  2.50 MBytes  21.0 Mbits/sec    1    100 KBytes       
[SUM] 227.00-228.00 sec  10.9 MBytes  91.2 Mbits/sec    3             
- - - - - - - - - - - - - - - - - - - - - - - - -
[  5] 228.00-229.00 sec  2.75 MBytes  23.1 Mbits/sec    1   99.0 KBytes       
[  7] 228.00-229.00 sec  3.00 MBytes  25.2 Mbits/sec    1   86.3 KBytes       
[  9] 228.00-229.00 sec  3.00 MBytes  25.2 Mbits/sec    1   89.1 KBytes       
[ 11] 228.00-229.00 sec  3.00 MBytes  25.2 Mbits/sec    1   84.8 KBytes       
[SUM] 228.00-229.00 sec  11.8 MBytes  98.6 Mbits/sec    4             
- - - - - - - - - - - - - - - - - - - - - - - - -
[  5] 229.00-230.00 sec  2.88 MBytes  24.1 Mbits/sec    1   82.0 KBytes       
[  7] 229.00-230.00 sec  2.62 MBytes  22.0 Mbits/sec    0    107 KBytes       
[  9] 229.00-230.00 sec  2.62 MBytes  22.0 Mbits/sec    0    109 KBytes       
[ 11] 229.00-230.00 sec  3.00 MBytes  25.2 Mbits/sec    0    107 KBytes       
[SUM] 229.00-230.00 sec  11.1 MBytes  93.3 Mbits/sec    1             
- - - - - - - - - - - - - - - - - - - - - - - - -
[  5] 230.00-231.00 sec  2.75 MBytes  23.1 Mbits/sec    0    105 KBytes       
[  7] 230.00-231.00 sec  3.00 MBytes  25.2 Mbits/sec    1   93.3 KBytes       
[  9] 230.00-231.00 sec  3.00 MBytes  25.2 Mbits/sec    1   94.7 KBytes       
[ 11] 230.00-231.00 sec  2.62 MBytes  22.0 Mbits/sec    1   91.9 KBytes       
[SUM] 230.00-231.00 sec  11.4 MBytes  95.4 Mbits/sec    3             
- - - - - - - - - - - - - - - - - - - - - - - - -
[  5] 231.00-232.00 sec  2.75 MBytes  23.1 Mbits/sec    1   90.5 KBytes       
[  7] 231.00-232.00 sec  3.00 MBytes  25.2 Mbits/sec    0    113 KBytes       
[  9] 231.00-232.00 sec  2.88 MBytes  24.1 Mbits/sec    0    115 KBytes       
[ 11] 231.00-232.00 sec  3.00 MBytes  25.2 Mbits/sec    0    113 KBytes       
[SUM] 231.00-232.00 sec  11.6 MBytes  97.5 Mbits/sec    1             
- - - - - - - - - - - - - - - - - - - - - - - - -
[  5] 232.00-233.00 sec  2.88 MBytes  24.1 Mbits/sec    0    110 KBytes       
[  7] 232.00-233.00 sec  2.62 MBytes  22.0 Mbits/sec    1   99.0 KBytes       
[  9] 232.00-233.00 sec  2.62 MBytes  22.0 Mbits/sec    1    100 KBytes       
[ 11] 232.00-233.00 sec  3.00 MBytes  25.2 Mbits/sec    1   99.0 KBytes       
[SUM] 232.00-233.00 sec  11.1 MBytes  93.3 Mbits/sec    3             
- - - - - - - - - - - - - - - - - - - - - - - - -
[  5] 233.00-234.00 sec  2.75 MBytes  23.1 Mbits/sec    1   96.2 KBytes       
[  7] 233.00-234.00 sec  3.00 MBytes  25.2 Mbits/sec    1   83.4 KBytes       
[  9] 233.00-234.00 sec  3.00 MBytes  25.2 Mbits/sec    1   86.3 KBytes       
[ 11] 233.00-234.00 sec  2.62 MBytes  22.0 Mbits/sec    1   82.0 KBytes       
[SUM] 233.00-234.00 sec  11.4 MBytes  95.4 Mbits/sec    4             
- - - - - - - - - - - - - - - - - - - - - - - - -
[  5] 234.00-235.00 sec  2.88 MBytes  24.1 Mbits/sec    0    116 KBytes       
[  7] 234.00-235.00 sec  2.50 MBytes  21.0 Mbits/sec    0    105 KBytes       
[  9] 234.00-235.00 sec  2.62 MBytes  22.0 Mbits/sec    0    107 KBytes       
[ 11] 234.00-235.00 sec  3.00 MBytes  25.2 Mbits/sec    0    105 KBytes       
[SUM] 234.00-235.00 sec  11.0 MBytes  92.4 Mbits/sec    0             
- - - - - - - - - - - - - - - - - - - - - - - - -
[  5] 235.00-236.00 sec  2.75 MBytes  23.0 Mbits/sec    1    102 KBytes       
[  7] 235.00-236.00 sec  3.00 MBytes  25.1 Mbits/sec    1   90.5 KBytes       
[  9] 235.00-236.00 sec  3.00 MBytes  25.1 Mbits/sec    1   91.9 KBytes       
[ 11] 235.00-236.00 sec  2.50 MBytes  21.0 Mbits/sec    1   90.5 KBytes       
[SUM] 235.00-236.00 sec  11.2 MBytes  94.3 Mbits/sec    4             
- - - - - - - - - - - - - - - - - - - - - - - - -
[  5] 236.00-237.00 sec  2.75 MBytes  23.1 Mbits/sec    1   87.7 KBytes       
[  7] 236.00-237.00 sec  3.00 MBytes  25.2 Mbits/sec    0    112 KBytes       
[  9] 236.00-237.00 sec  3.00 MBytes  25.2 Mbits/sec    0    113 KBytes       
[ 11] 236.00-237.00 sec  3.00 MBytes  25.2 Mbits/sec    0    110 KBytes       
[SUM] 236.00-237.00 sec  11.8 MBytes  98.6 Mbits/sec    1             
- - - - - - - - - - - - - - - - - - - - - - - - -
[  5] 237.00-238.00 sec  2.88 MBytes  24.1 Mbits/sec    0    109 KBytes       
[  7] 237.00-238.00 sec  2.62 MBytes  22.0 Mbits/sec    1   96.2 KBytes       
[  9] 237.00-238.00 sec  2.62 MBytes  22.0 Mbits/sec    1   99.0 KBytes       
[ 11] 237.00-238.00 sec  3.00 MBytes  25.2 Mbits/sec    1   96.2 KBytes       
[SUM] 237.00-238.00 sec  11.1 MBytes  93.3 Mbits/sec    3             
- - - - - - - - - - - - - - - - - - - - - - - - -
[  5] 238.00-239.00 sec  2.75 MBytes  23.1 Mbits/sec    1   93.3 KBytes       
[  7] 238.00-239.00 sec  3.00 MBytes  25.2 Mbits/sec    0    117 KBytes       
[  9] 238.00-239.00 sec  3.00 MBytes  25.2 Mbits/sec    1   82.0 KBytes       
[ 11] 238.00-239.00 sec  2.62 MBytes  22.0 Mbits/sec    0    116 KBytes       
[SUM] 238.00-239.00 sec  11.4 MBytes  95.4 Mbits/sec    2             
- - - - - - - - - - - - - - - - - - - - - - - - -
[  5] 239.00-240.00 sec  2.75 MBytes  23.1 Mbits/sec    0    115 KBytes       
[  7] 239.00-240.00 sec  3.00 MBytes  25.2 Mbits/sec    1    103 KBytes       
[  9] 239.00-240.00 sec  2.88 MBytes  24.1 Mbits/sec    0    105 KBytes       
[ 11] 239.00-240.00 sec  3.00 MBytes  25.2 Mbits/sec    1    103 KBytes       
[SUM] 239.00-240.00 sec  11.6 MBytes  97.5 Mbits/sec    2             
- - - - - - - - - - - - - - - - - - - - - - - - -
[  5] 240.00-241.00 sec  2.88 MBytes  24.1 Mbits/sec    1    100 KBytes       
[  7] 240.00-241.00 sec  2.62 MBytes  22.0 Mbits/sec    1   87.7 KBytes       
[  9] 240.00-241.00 sec  2.62 MBytes  22.0 Mbits/sec    1   90.5 KBytes       
[ 11] 240.00-241.00 sec  3.00 MBytes  25.2 Mbits/sec    1   87.7 KBytes       
[SUM] 240.00-241.00 sec  11.1 MBytes  93.3 Mbits/sec    4             
- - - - - - - - - - - - - - - - - - - - - - - - -
[  5] 241.00-242.00 sec  2.75 MBytes  23.1 Mbits/sec    1   84.8 KBytes       
[  7] 241.00-242.00 sec  3.00 MBytes  25.2 Mbits/sec    0    109 KBytes       
[  9] 241.00-242.00 sec  3.00 MBytes  25.2 Mbits/sec    0    110 KBytes       
[ 11] 241.00-242.00 sec  2.62 MBytes  22.0 Mbits/sec    0    109 KBytes       
[SUM] 241.00-242.00 sec  11.4 MBytes  95.4 Mbits/sec    1             
- - - - - - - - - - - - - - - - - - - - - - - - -
[  5] 242.00-243.00 sec  3.75 MBytes  31.5 Mbits/sec    0    106 KBytes       
[  7] 242.00-243.00 sec  2.50 MBytes  21.0 Mbits/sec    1   94.7 KBytes       
[  9] 242.00-243.00 sec  2.62 MBytes  22.0 Mbits/sec    1   96.2 KBytes       
[ 11] 242.00-243.00 sec  2.88 MBytes  24.1 Mbits/sec    1   93.3 KBytes       
[SUM] 242.00-243.00 sec  11.8 MBytes  98.6 Mbits/sec    3             
- - - - - - - - - - - - - - - - - - - - - - - - -
[  5] 243.00-244.00 sec  2.75 MBytes  23.1 Mbits/sec    1   91.9 KBytes       
[  7] 243.00-244.00 sec  3.00 MBytes  25.2 Mbits/sec    0    115 KBytes       
[  9] 243.00-244.00 sec  3.00 MBytes  25.2 Mbits/sec    0    116 KBytes       
[ 11] 243.00-244.00 sec  2.62 MBytes  22.0 Mbits/sec    0    115 KBytes       
[SUM] 243.00-244.00 sec  11.4 MBytes  95.4 Mbits/sec    1             
- - - - - - - - - - - - - - - - - - - - - - - - -
[  5] 244.00-245.00 sec  2.88 MBytes  24.1 Mbits/sec    0    113 KBytes       
[  7] 244.00-245.00 sec  3.00 MBytes  25.2 Mbits/sec    1    100 KBytes       
[  9] 244.00-245.00 sec  3.00 MBytes  25.2 Mbits/sec    1    102 KBytes       
[ 11] 244.00-245.00 sec  3.00 MBytes  25.2 Mbits/sec    1    100 KBytes       
[SUM] 244.00-245.00 sec  11.9 MBytes  99.6 Mbits/sec    3             
- - - - - - - - - - - - - - - - - - - - - - - - -
[  5] 245.00-246.00 sec  2.88 MBytes  24.1 Mbits/sec    1   97.6 KBytes       
[  7] 245.00-246.00 sec  2.62 MBytes  22.0 Mbits/sec    1   84.8 KBytes       
[  9] 245.00-246.00 sec  2.62 MBytes  22.0 Mbits/sec    1   87.7 KBytes       
[ 11] 245.00-246.00 sec  3.00 MBytes  25.2 Mbits/sec    1   84.8 KBytes       
[SUM] 245.00-246.00 sec  11.1 MBytes  93.3 Mbits/sec    4             
- - - - - - - - - - - - - - - - - - - - - - - - -
[  5] 246.00-247.00 sec  2.75 MBytes  23.1 Mbits/sec    1   96.2 KBytes       
[  7] 246.00-247.00 sec  3.00 MBytes  25.2 Mbits/sec    0    106 KBytes       
[  9] 246.00-247.00 sec  2.88 MBytes  24.1 Mbits/sec    0    109 KBytes       
[ 11] 246.00-247.00 sec  2.62 MBytes  22.0 Mbits/sec    0    106 KBytes       
[SUM] 246.00-247.00 sec  11.2 MBytes  94.4 Mbits/sec    1             
- - - - - - - - - - - - - - - - - - - - - - - - -
[  5] 247.00-248.00 sec  2.75 MBytes  23.1 Mbits/sec    0    105 KBytes       
[  7] 247.00-248.00 sec  3.00 MBytes  25.2 Mbits/sec    1   91.9 KBytes       
[  9] 247.00-248.00 sec  3.00 MBytes  25.2 Mbits/sec    1   93.3 KBytes       
[ 11] 247.00-248.00 sec  3.00 MBytes  25.2 Mbits/sec    1   91.9 KBytes       
[SUM] 247.00-248.00 sec  11.8 MBytes  98.6 Mbits/sec    3             
- - - - - - - - - - - - - - - - - - - - - - - - -
[  5] 248.00-249.00 sec  2.88 MBytes  24.1 Mbits/sec    1   89.1 KBytes       
[  7] 248.00-249.00 sec  2.62 MBytes  22.0 Mbits/sec    0    113 KBytes       
[  9] 248.00-249.00 sec  2.62 MBytes  22.0 Mbits/sec    0    115 KBytes       
[ 11] 248.00-249.00 sec  3.00 MBytes  25.2 Mbits/sec    0    113 KBytes       
[SUM] 248.00-249.00 sec  11.1 MBytes  93.3 Mbits/sec    1             
- - - - - - - - - - - - - - - - - - - - - - - - -
[  5] 249.00-250.00 sec  2.75 MBytes  23.1 Mbits/sec    0    110 KBytes       
[  7] 249.00-250.00 sec  2.88 MBytes  24.1 Mbits/sec    1   97.6 KBytes       
[  9] 249.00-250.00 sec  3.12 MBytes  26.2 Mbits/sec    1    100 KBytes       
[ 11] 249.00-250.00 sec  2.62 MBytes  22.0 Mbits/sec    1   97.6 KBytes       
[SUM] 249.00-250.00 sec  11.4 MBytes  95.5 Mbits/sec    3             
- - - - - - - - - - - - - - - - - - - - - - - - -
[  5] 250.00-251.00 sec  2.75 MBytes  23.1 Mbits/sec    1   96.2 KBytes       
[  7] 250.00-251.00 sec  2.62 MBytes  22.0 Mbits/sec    1   82.0 KBytes       
[  9] 250.00-251.00 sec  2.50 MBytes  21.0 Mbits/sec    1   84.8 KBytes       
[ 11] 250.00-251.00 sec  2.88 MBytes  24.1 Mbits/sec    1   99.0 KBytes       
[SUM] 250.00-251.00 sec  10.8 MBytes  90.1 Mbits/sec    4             
- - - - - - - - - - - - - - - - - - - - - - - - -
[  5] 251.00-252.00 sec  2.88 MBytes  24.1 Mbits/sec    0    116 KBytes       
[  7] 251.00-252.00 sec  3.00 MBytes  25.2 Mbits/sec    0    105 KBytes       
[  9] 251.00-252.00 sec  3.00 MBytes  25.2 Mbits/sec    0    106 KBytes       
[ 11] 251.00-252.00 sec  2.62 MBytes  22.0 Mbits/sec    0    103 KBytes       
[SUM] 251.00-252.00 sec  11.5 MBytes  96.5 Mbits/sec    0             
- - - - - - - - - - - - - - - - - - - - - - - - -
[  5] 252.00-253.00 sec  2.75 MBytes  23.1 Mbits/sec    1    102 KBytes       
[  7] 252.00-253.00 sec  3.00 MBytes  25.2 Mbits/sec    1   89.1 KBytes       
[  9] 252.00-253.00 sec  3.00 MBytes  25.2 Mbits/sec    1   91.9 KBytes       
[ 11] 252.00-253.00 sec  3.00 MBytes  25.2 Mbits/sec    1   89.1 KBytes       
[SUM] 252.00-253.00 sec  11.8 MBytes  98.5 Mbits/sec    4             
- - - - - - - - - - - - - - - - - - - - - - - - -
[  5] 253.00-254.00 sec  2.88 MBytes  24.1 Mbits/sec   45   42.4 KBytes       
[  7] 253.00-254.00 sec  2.25 MBytes  18.9 Mbits/sec   34   42.4 KBytes       
[  9] 253.00-254.00 sec  2.25 MBytes  18.9 Mbits/sec   36   42.4 KBytes       
[ 11] 253.00-254.00 sec  2.62 MBytes  22.0 Mbits/sec   36   42.4 KBytes       
[SUM] 253.00-254.00 sec  10.0 MBytes  83.9 Mbits/sec  151             
- - - - - - - - - - - - - - - - - - - - - - - - -
[  5] 254.00-255.00 sec   896 KBytes  7.35 Mbits/sec    1   43.8 KBytes       
[  7] 254.00-255.00 sec  1.50 MBytes  12.6 Mbits/sec    1   43.8 KBytes       
[  9] 254.00-255.00 sec  1.50 MBytes  12.6 Mbits/sec    1   43.8 KBytes       
[ 11] 254.00-255.00 sec  1.12 MBytes  9.44 Mbits/sec    1   43.8 KBytes       
[SUM] 254.00-255.00 sec  5.00 MBytes  42.0 Mbits/sec    4             
- - - - - - - - - - - - - - - - - - - - - - - - -
[  5] 255.00-256.00 sec  1.88 MBytes  15.7 Mbits/sec    1   45.2 KBytes       
[  7] 255.00-256.00 sec  1.50 MBytes  12.6 Mbits/sec    1   45.2 KBytes       
[  9] 255.00-256.00 sec  1.50 MBytes  12.6 Mbits/sec    1   46.7 KBytes       
[ 11] 255.00-256.00 sec  1.50 MBytes  12.6 Mbits/sec    1   45.2 KBytes       
[SUM] 255.00-256.00 sec  6.38 MBytes  53.5 Mbits/sec    4             
- - - - - - - - - - - - - - - - - - - - - - - - -
[  5] 256.00-257.00 sec  1.00 MBytes  8.39 Mbits/sec    1   48.1 KBytes       
[  7] 256.00-257.00 sec  1.50 MBytes  12.6 Mbits/sec    1   46.7 KBytes       
[  9] 256.00-257.00 sec  1.12 MBytes  9.44 Mbits/sec    1   48.1 KBytes       
[ 11] 256.00-257.00 sec  1.50 MBytes  12.6 Mbits/sec    1   46.7 KBytes       
[SUM] 256.00-257.00 sec  5.12 MBytes  43.0 Mbits/sec    4             
- - - - - - - - - - - - - - - - - - - - - - - - -
[  5] 257.00-258.00 sec  1.88 MBytes  15.7 Mbits/sec    1   49.5 KBytes       
[  7] 257.00-258.00 sec  1.12 MBytes  9.44 Mbits/sec    1   48.1 KBytes       
[  9] 257.00-258.00 sec  1.50 MBytes  12.6 Mbits/sec    1   49.5 KBytes       
[ 11] 257.00-258.00 sec  1.50 MBytes  12.6 Mbits/sec    1   49.5 KBytes       
[SUM] 257.00-258.00 sec  6.00 MBytes  50.3 Mbits/sec    4             
- - - - - - - - - - - - - - - - - - - - - - - - -
[  5] 258.00-259.00 sec   896 KBytes  7.34 Mbits/sec    1   50.9 KBytes       
[  7] 258.00-259.00 sec  1.50 MBytes  12.6 Mbits/sec    1   49.5 KBytes       
[  9] 258.00-259.00 sec  1.50 MBytes  12.6 Mbits/sec    1   52.3 KBytes       
[ 11] 258.00-259.00 sec  1.50 MBytes  12.6 Mbits/sec    1   50.9 KBytes       
[SUM] 258.00-259.00 sec  5.38 MBytes  45.1 Mbits/sec    4             
- - - - - - - - - - - - - - - - - - - - - - - - -
[  5] 259.00-260.00 sec  1.88 MBytes  15.7 Mbits/sec    1   52.3 KBytes       
[  7] 259.00-260.00 sec  1.50 MBytes  12.6 Mbits/sec    1   52.3 KBytes       
[  9] 259.00-260.00 sec  1.50 MBytes  12.6 Mbits/sec    1   53.7 KBytes       
[ 11] 259.00-260.00 sec  1.12 MBytes  9.43 Mbits/sec    1   52.3 KBytes       
[SUM] 259.00-260.00 sec  6.00 MBytes  50.3 Mbits/sec    4             
- - - - - - - - - - - - - - - - - - - - - - - - -
[  5] 260.00-261.00 sec  1.00 MBytes  8.39 Mbits/sec    1   53.7 KBytes       
[  7] 260.00-261.00 sec  1.50 MBytes  12.6 Mbits/sec    1   53.7 KBytes       
[  9] 260.00-261.00 sec  1.50 MBytes  12.6 Mbits/sec    1   55.1 KBytes       
[ 11] 260.00-261.00 sec  1.50 MBytes  12.6 Mbits/sec    1   53.7 KBytes       
[SUM] 260.00-261.00 sec  5.50 MBytes  46.2 Mbits/sec    4             
- - - - - - - - - - - - - - - - - - - - - - - - -
[  5] 261.00-262.00 sec  1.75 MBytes  14.7 Mbits/sec    1   55.1 KBytes       
[  7] 261.00-262.00 sec  1.38 MBytes  11.5 Mbits/sec    1   55.1 KBytes       
[  9] 261.00-262.00 sec  1.50 MBytes  12.6 Mbits/sec    1   56.6 KBytes       
[ 11] 261.00-262.00 sec  1.50 MBytes  12.6 Mbits/sec    1   55.1 KBytes       
[SUM] 261.00-262.00 sec  6.12 MBytes  51.4 Mbits/sec    4             
- - - - - - - - - - - - - - - - - - - - - - - - -
[  5] 262.00-263.00 sec  1.00 MBytes  8.39 Mbits/sec    1   58.0 KBytes       
[  7] 262.00-263.00 sec  1.50 MBytes  12.6 Mbits/sec    1   56.6 KBytes       
[  9] 262.00-263.00 sec  1.12 MBytes  9.44 Mbits/sec    1   58.0 KBytes       
[ 11] 262.00-263.00 sec  1.38 MBytes  11.5 Mbits/sec    1   56.6 KBytes       
[SUM] 262.00-263.00 sec  5.00 MBytes  41.9 Mbits/sec    4             
- - - - - - - - - - - - - - - - - - - - - - - - -
[  5] 263.00-264.00 sec  1.88 MBytes  15.7 Mbits/sec    1   59.4 KBytes       
[  7] 263.00-264.00 sec  1.12 MBytes  9.44 Mbits/sec    1   58.0 KBytes       
[  9] 263.00-264.00 sec  1.38 MBytes  11.5 Mbits/sec    2   49.5 KBytes       
[ 11] 263.00-264.00 sec  1.50 MBytes  12.6 Mbits/sec    1   59.4 KBytes       
[SUM] 263.00-264.00 sec  5.88 MBytes  49.3 Mbits/sec    5             
- - - - - - - - - - - - - - - - - - - - - - - - -
[  5] 264.00-265.00 sec   896 KBytes  7.34 Mbits/sec    2   41.0 KBytes       
[  7] 264.00-265.00 sec  1.50 MBytes  12.6 Mbits/sec    2   50.9 KBytes       
[  9] 264.00-265.00 sec  1.50 MBytes  12.6 Mbits/sec    1   42.4 KBytes       
[ 11] 264.00-265.00 sec  1.12 MBytes  9.44 Mbits/sec    2   41.0 KBytes       
[SUM] 264.00-265.00 sec  5.00 MBytes  42.0 Mbits/sec    7             
- - - - - - - - - - - - - - - - - - - - - - - - -
[  5] 265.00-266.00 sec  1.88 MBytes  15.7 Mbits/sec    1   43.8 KBytes       
[  7] 265.00-266.00 sec  1.50 MBytes  12.6 Mbits/sec    1   42.4 KBytes       
[  9] 265.00-266.00 sec  1.50 MBytes  12.6 Mbits/sec    1   43.8 KBytes       
[ 11] 265.00-266.00 sec  1.50 MBytes  12.6 Mbits/sec    1   42.4 KBytes       
[SUM] 265.00-266.00 sec  6.38 MBytes  53.4 Mbits/sec    4             
- - - - - - - - - - - - - - - - - - - - - - - - -
[  5] 266.00-267.00 sec  1.00 MBytes  8.39 Mbits/sec    1   43.8 KBytes       
[  7] 266.00-267.00 sec  1.50 MBytes  12.6 Mbits/sec    1   43.8 KBytes       
[  9] 266.00-267.00 sec  1.50 MBytes  12.6 Mbits/sec    1   45.2 KBytes       
[ 11] 266.00-267.00 sec  1.50 MBytes  12.6 Mbits/sec    1   43.8 KBytes       
[SUM] 266.00-267.00 sec  5.50 MBytes  46.1 Mbits/sec    4             
- - - - - - - - - - - - - - - - - - - - - - - - -
[  5] 267.00-268.00 sec  1.88 MBytes  15.7 Mbits/sec    1   46.7 KBytes       
[  7] 267.00-268.00 sec  1.50 MBytes  12.6 Mbits/sec    1   45.2 KBytes       
[  9] 267.00-268.00 sec  1.12 MBytes  9.44 Mbits/sec    1   48.1 KBytes       
[ 11] 267.00-268.00 sec  1.50 MBytes  12.6 Mbits/sec    1   46.7 KBytes       
[SUM] 267.00-268.00 sec  6.00 MBytes  50.4 Mbits/sec    4             
- - - - - - - - - - - - - - - - - - - - - - - - -
[  5] 268.00-269.00 sec  1.88 MBytes  15.7 Mbits/sec    1   53.7 KBytes       
[  7] 268.00-269.00 sec  1.50 MBytes  12.6 Mbits/sec    1   52.3 KBytes       
[  9] 268.00-269.00 sec  1.88 MBytes  15.7 Mbits/sec    1   53.7 KBytes       
[ 11] 268.00-269.00 sec  1.88 MBytes  15.7 Mbits/sec    1   53.7 KBytes       
[SUM] 268.00-269.00 sec  7.12 MBytes  59.7 Mbits/sec    4             
- - - - - - - - - - - - - - - - - - - - - - - - -
[  5] 269.00-270.00 sec  2.75 MBytes  23.1 Mbits/sec    0   84.8 KBytes       
[  7] 269.00-270.00 sec  3.00 MBytes  25.2 Mbits/sec    0   84.8 KBytes       
[  9] 269.00-270.00 sec  3.00 MBytes  25.2 Mbits/sec    0   86.3 KBytes       
[ 11] 269.00-270.00 sec  2.62 MBytes  22.0 Mbits/sec    0   84.8 KBytes       
[SUM] 269.00-270.00 sec  11.4 MBytes  95.4 Mbits/sec    0             
- - - - - - - - - - - - - - - - - - - - - - - - -
[  5] 270.00-271.00 sec  2.75 MBytes  23.1 Mbits/sec    0    107 KBytes       
[  7] 270.00-271.00 sec  3.00 MBytes  25.2 Mbits/sec    0    107 KBytes       
[  9] 270.00-271.00 sec  2.62 MBytes  22.0 Mbits/sec    0    109 KBytes       
[ 11] 270.00-271.00 sec  3.00 MBytes  25.2 Mbits/sec    0    107 KBytes       
[SUM] 270.00-271.00 sec  11.4 MBytes  95.4 Mbits/sec    0             
- - - - - - - - - - - - - - - - - - - - - - - - -
[  5] 271.00-272.00 sec  2.88 MBytes  24.1 Mbits/sec    1   93.3 KBytes       
[  7] 271.00-272.00 sec  2.62 MBytes  22.0 Mbits/sec    1   93.3 KBytes       
[  9] 271.00-272.0